Year,ID1,ID2,Lat,Long,Elev,MAT,MWMT,MCMT,TD,MAP,MSP,AHM,SHM,DD_0,DD5,DD_18,DD18,NFFD,bFFP,eFFP,FFP,PAS,EMT,EXT,MAR,Eref,CMD,RH,Tmax_wt,Tmax_sp,Tmax_sm,Tmax_at,Tmin_wt,Tmin_sp,Tmin_sm,Tmin_at,Tave_wt,Tave_sp,Tave_sm,Tave_at,PPT_wt,PPT_sp,PPT_sm,PPT_at,Rad_wt,Rad_sp,Rad_sm,Rad_at,DD_0_wt,DD_0_sp,DD_0_sm,DD_0_at,DD5_wt,DD5_sp,DD5_sm,DD5_at,DD_18_wt,DD_18_sp,DD_18_sm,DD_18_at,DD18_wt,DD18_sp,DD18_sm,DD18_at,NFFD_wt,NFFD_sp,NFFD_sm,NFFD_at,PAS_wt,PAS_sp,PAS_sm,PAS_at,Eref_wt,Eref_sp,Eref_sm,Eref_at,CMD_wt,CMD_sp,CMD_sm,CMD_at,RH_wt,RH_sp,RH_sm,RH_at,Tmax01,Tmax02,Tmax03,Tmax04,Tmax05,Tmax06,Tmax07,Tmax08,Tmax09,Tmax10,Tmax11,Tmax12,Tmin01,Tmin02,Tmin03,Tmin04,Tmin05,Tmin06,Tmin07,Tmin08,Tmin09,Tmin10,Tmin11,Tmin12,Tave01,Tave02,Tave03,Tave04,Tave05,Tave06,Tave07,Tave08,Tave09,Tave10,Tave11,Tave12,PPT01,PPT02,PPT03,PPT04,PPT05,PPT06,PPT07,PPT08,PPT09,PPT10,PPT11,PPT12,Rad01,Rad02,Rad03,Rad04,Rad05,Rad06,Rad07,Rad08,Rad09,Rad10,Rad11,Rad12,DD_0_01,DD_0_02,DD_0_03,DD_0_04,DD_0_05,DD_0_06,DD_0_07,DD_0_08,DD_0_09,DD_0_10,DD_0_11,DD_0_12,DD5_01,DD5_02,DD5_03,DD5_04,DD5_05,DD5_06,DD5_07,DD5_08,DD5_09,DD5_10,DD5_11,DD5_12,DD_18_01,DD_18_02,DD_18_03,DD_18_04,DD_18_05,DD_18_06,DD_18_07,DD_18_08,DD_18_09,DD_18_10,DD_18_11,DD_18_12,DD18_01,DD18_02,DD18_03,DD18_04,DD18_05,DD18_06,DD18_07,DD18_08,DD18_09,DD18_10,DD18_11,DD18_12,NFFD01,NFFD02,NFFD03,NFFD04,NFFD05,NFFD06,NFFD07,NFFD08,NFFD09,NFFD10,NFFD11,NFFD12,PAS01,PAS02,PAS03,PAS04,PAS05,PAS06,PAS07,PAS08,PAS09,PAS10,PAS11,PAS12,Eref01,Eref02,Eref03,Eref04,Eref05,Eref06,Eref07,Eref08,Eref09,Eref10,Eref11,Eref12,CMD01,CMD02,CMD03,CMD04,CMD05,CMD06,CMD07,CMD08,CMD09,CMD10,CMD11,CMD12,RH01,RH02,RH03,RH04,RH05,RH06,RH07,RH08,RH09,RH10,RH11,RH12
1981,S29,Oregon Creek,39.39442,-121.08302,440,15.6,24.8,8.9,15.9,1700,74,15.1,335.9,25,3891,1629,743,328,75,324,249,4,-16.3,44.3,-9999,1353,909,53,15.7,21.4,34.6,23.8,2.6,5.9,13.4,7.7,9.2,13.7,24,15.8,517,310,3,640,-9999,16.4,35.1,7.8,18,4,0,2,390,793,1746,972,794,452,10,360,0,41,560,142,65,83,92,85,3,1,0,0,128,348,614,263,0,194,610,105,58,54,44,53,14.8,16,16.3,22.5,25.5,32.8,35.3,35.8,32.2,21.9,17.4,14,3.1,2.3,3.2,5.9,8.6,13,13.2,13.8,12.1,5.9,5,3.9,9,9.2,9.8,14.2,17,22.9,24.3,24.8,22.2,13.9,11.2,8.9,271,95,230,45,34,2,1,1,36,192,412,381,-9999,5.8,11.9,25.9,11.4,32.2,38.8,34.4,15,7,1.3,-2.9,7,6,4,0,0,0,0,0,0,0,2,6,130,122,149,270,374,536,596,614,514,278,180,129,285,243,257,130,66,7,2,2,13,141,206,279,0,0,0,10,31,152,196,213,137,5,0,0,23,20,24,28,30,30,31,31,30,28,26,26,2,0,1,0,0,0,0,0,0,0,0,1,38,51,75,119,154,198,218,198,141,78,44,38,0,0,0,74,120,196,217,197,105,0,0,0,62,57,59,51,51,46,42,42,45,52,61,56
1983,S29,Oregon Creek,39.39442,-121.08302,440,14.3,23.7,7.3,16.3,2481,98,9.8,240.6,36,3482,1893,555,322,83,333,250,22,-16.3,44.3,-9999,1224,744,57,13.3,18.3,31.2,23.8,1.7,5.3,12.3,8.1,7.5,11.8,21.7,16,933,760,24,594,-9999,4.7,16.9,4.1,29,7,0,3,280,638,1539,1005,942,600,33,349,0,24,375,156,57,81,92,84,11,4,0,7,113,303,548,261,0,121,525,98,62,60,48,54,13.7,13.9,14,16,24.9,29,31.6,33,31,25.6,14.7,11.7,1.5,3.4,4.4,3.7,7.9,10.6,11.9,14.3,12.2,8.6,3.6,2.9,7.6,8.7,9.2,9.8,16.4,19.8,21.8,23.7,21.6,17.1,9.1,7.3,274,382,518,212,31,17,2,5,44,80,470,447,-9999,-11.9,-13.4,-2.4,29.9,19.5,31.6,-0.5,15,6.5,-9.3,-11.1,10,7,5,2,0,0,0,0,0,0,3,10,99,110,135,149,354,442,519,577,498,375,133,91,326,258,274,246,79,23,7,3,16,66,266,329,0,0,0,0,24,78,121,177,124,32,0,0,19,22,27,25,30,30,31,31,30,30,24,23,4,3,2,2,0,0,0,0,0,0,6,5,37,44,63,89,152,176,194,178,134,88,39,32,0,0,0,0,121,160,192,173,90,8,0,0,61,66,69,61,51,48,46,49,48,51,64,60
1984,S29,Oregon Creek,39.39442,-121.08302,440,15,26.1,5.8,20.3,1048,70,23.8,371.8,37,3736,1855,752,303,94,315,222,13,-16.3,44.3,-9999,1320,868,52,14.2,22.1,33.5,22.6,1.7,5.8,13.7,7.2,8,14,23.6,14.9,646,230,35,505,-9999,19,22.7,3.6,25,3,0,4,319,820,1712,915,899,437,22,449,0,55,541,156,58,82,92,81,7,0,0,6,120,358,587,255,23,163,553,129,61,51,47,55,15.5,15.5,19.9,19.4,27.1,29.6,36.2,34.7,32.7,20.9,14.3,12,1.3,1,4.3,3.8,9.3,10.9,16,14.3,12.8,5.7,3.1,-0.5,8.4,8.3,12.1,11.6,18.2,20.2,26.1,24.5,22.8,13.3,8.7,5.8,19,180,122,85,23,22,1,11,13,108,384,81,-9999,8.9,16.4,15.5,25,25.4,20.9,21.7,17.7,-2.2,-4.6,8.6,8,7,2,1,0,0,0,0,0,0,4,15,120,105,216,196,408,456,653,603,531,259,125,64,302,269,189,201,47,20,1,2,11,158,280,376,0,0,4,2,48,87,252,202,151,5,0,0,19,16,27,25,31,30,31,31,30,28,23,14,0,1,0,0,0,0,0,0,0,0,6,5,41,51,89,107,163,180,218,189,142,74,38,28,23,0,0,22,141,158,217,178,129,0,0,0,55,54,53,52,49,48,46,45,46,54,64,72
1985,S29,Oregon Creek,39.39442,-121.08302,440,14.7,25.5,6.6,18.9,919,79,26.9,320.9,40,3623,1884,661,292,101,304,203,12,-16.3,44.3,-9999,1310,937,51,14.1,21.2,33.8,22,-0.1,4.9,13.9,6.1,7,13.1,23.9,14,258,229,11,367,-9999,26.6,24.9,8.2,34,7,0,5,254,751,1733,842,992,504,11,441,0,39,546,75,42,76,92,77,3,2,0,6,124,351,591,243,4,260,580,93,55,51,47,53,13.7,16.6,14.9,23.8,24.9,32.7,35.3,33.3,26.9,24.2,14.9,14.5,-0.6,0.7,1,6.5,7.3,13.3,15.7,12.9,10.1,6.9,1.2,1.2,6.6,8.7,8,15.2,16.1,23,25.5,23.1,18.5,15.6,8,7.9,35,142,209,17,3,6,2,4,65,44,257,135,-9999,18.5,18.9,32.1,28.9,35.1,12.8,26.9,5.7,13.1,5.8,9.4,13,7,7,0,0,0,0,0,0,0,5,8,79,112,107,299,345,539,634,559,406,328,109,106,358,258,314,105,85,6,1,4,43,99,299,311,0,0,0,17,23,154,233,159,58,17,0,0,13,15,18,28,30,30,31,31,30,29,18,19,1,1,2,0,0,0,0,0,0,0,6,2,39,54,72,126,154,197,212,183,117,85,41,31,4,0,0,109,151,191,210,179,52,41,0,0,54,51,56,49,49,47,47,45,52,50,56,59
1986,S29,Oregon Creek,39.39442,-121.08302,440,15.5,25,8,17.1,1355,139,18.8,180.1,22,3852,1537,616,329,74,319,245,10,-16.3,44.3,-9999,1307,842,53,15.2,21.8,33.3,23.9,3.1,6.5,13.5,6.7,9.1,14.2,23.4,15.3,909,335,4,169,-9999,19.9,26.6,16.2,19,2,0,1,392,831,1692,935,796,407,15,321,2,39,507,67,68,87,92,83,5,0,0,6,122,347,584,255,0,176,580,86,61,54,46,50,16,15.1,19.8,20.4,25.2,31.3,32.9,35.8,25.6,25.2,21,14.5,4,4.1,5.9,5.4,8.3,12.2,14,14.3,9.2,7.3,3.5,1.4,10,9.6,12.8,12.9,16.8,21.8,23.4,25,17.4,16.3,12.3,8,246,529,249,52,34,2,1,1,101,22,45,73,-9999,5.2,14.2,20.1,25.4,29.9,25.3,24.8,6.6,20.7,21.2,7.4,5,5,2,1,0,0,0,0,0,0,1,8,157,131,234,232,366,502,570,620,372,350,213,106,253,232,171,166,71,11,3,2,59,83,179,309,2,0,6,5,28,119,169,219,41,23,3,0,25,24,29,27,30,30,31,31,29,30,24,19,1,2,0,0,0,0,0,0,0,0,5,1,40,46,86,109,153,190,198,197,112,88,54,35,0,0,0,57,119,187,197,196,11,66,9,0,62,65,57,55,51,47,48,43,52,48,48,58
1987,S29,Oregon Creek,39.39442,-121.08302,440,15.5,24.5,5.7,18.7,1090,22,23.4,1129.8,44,3911,1691,749,311,77,329,252,8,-16.3,44.3,-9999,1349,1036,53,14,22.7,32.8,26.3,1,6.8,13,8.6,7.5,14.8,22.9,17.4,416,263,6,150,-9999,20,28.1,17.2,31,4,0,2,283,894,1646,1133,949,384,17,272,0,75,461,213,51,84,92,85,6,1,0,1,119,365,577,288,0,258,571,207,58,53,46,50,12.1,15.3,16.2,25.3,26.7,32.1,31.5,34.8,33,28.5,17.4,10.3,-0.4,1.9,3.5,6.8,10.2,12.3,12.7,14.1,12,10.1,3.6,1.1,5.8,8.6,9.8,16.1,18.4,22.2,22.1,24.5,22.5,19.3,10.5,5.7,162,182,230,19,14,3,1,1,2,33,115,328,-9999,12.5,9.4,32.3,18.1,30,21.1,33.2,30.6,12.7,8.3,-2.6,16,7,4,0,0,0,0,0,0,0,2,15,65,111,153,326,415,515,530,602,523,442,167,62,380,260,256,85,44,9,6,2,12,34,226,378,0,0,0,24,51,131,129,201,145,69,0,0,14,19,25,29,31,30,31,31,30,31,24,18,5,1,1,0,0,0,0,0,0,0,0,1,35,49,74,133,158,195,191,191,145,97,45,35,0,0,0,114,144,192,189,190,143,64,0,0,59,57,60,47,52,46,48,45,44,48,57,58
1988,S29,Oregon Creek,39.39442,-121.08302,440,15.8,26.7,6.9,19.8,1101,80,23.4,333,31,3994,1634,824,315,86,324,238,13,-16.3,44.3,-9999,1339,981,52,14.2,21.4,33.7,26,1.6,5.7,14.5,8.4,7.9,13.5,24.1,17.2,580,219,26,393,-9999,24.4,23.4,15.5,30,3,0,2,315,780,1759,1115,917,449,19,289,2,29,584,210,56,83,92,86,12,0,0,1,123,342,586,288,42,139,559,241,60,53,48,50,12.9,19.4,20,20.7,23.4,29.3,36.8,35.1,33,29.5,15.6,13.4,1,2.5,3.4,6.5,7.3,11.8,16.7,15.1,12,8.7,4.5,0.6,6.9,11,11.7,13.6,15.3,20.6,26.7,25.1,22.5,19.1,10,7,233,19,44,124,51,24,2,1,4,3,386,212,-9999,26.8,42.4,10.3,20.5,16.3,29.3,24.7,27.8,20.8,-2,6.3,12,3,2,0,0,0,0,0,0,0,2,11,87,166,204,254,322,466,672,621,523,435,157,87,347,192,200,146,103,17,1,2,12,37,240,338,0,2,3,9,17,93,271,220,145,65,0,0,18,20,25,28,30,30,31,31,30,30,25,17,4,0,0,0,0,0,0,0,0,0,1,7,36,60,90,109,143,176,220,190,145,103,40,27,0,42,46,0,93,152,218,189,141,100,0,0,61,49,50,57,52,51,47,46,44,43,64,69
1989,S29,Oregon Creek,39.39442,-121.08302,440,14.9,24.2,6.2,18,1127,153,22.1,158.7,37,3675,1726,573,307,86,315,228,12,-16.3,44.3,-9999,1279,738,52,13.2,21.1,32.1,24.4,-0.3,6.8,12.9,7.2,6.5,13.9,22.5,15.8,411,537,28,360,-9999,15.9,32.4,15.8,38,4,0,1,221,815,1606,975,1033,426,23,319,0,39,428,105,42,87,92,83,7,1,0,4,116,338,562,263,0,182,534,22,56,57,48,50,13.4,12.9,15.9,23.1,24.2,29.6,34.4,32.1,29.5,23.3,20.3,17.1,-1.1,-0.3,4.9,7.5,7.9,12.1,14,12.5,10.6,7.2,3.7,1.8,6.2,6.3,10.4,15.3,16.1,20.9,24.2,22.3,20.1,15.2,12,9.4,91,109,452,68,17,17,0,11,107,144,109,2,-9999,10.5,-4.2,24.3,27.6,33.1,37.3,26.8,14.1,12.5,20.8,18.1,14,13,3,0,0,0,0,0,0,0,1,6,71,65,168,303,344,475,594,537,451,318,206,144,370,325,238,102,86,15,2,6,26,107,186,263,0,0,0,17,22,99,193,136,88,14,3,1,12,13,28,29,30,30,31,31,30,30,24,20,2,2,1,0,0,0,0,0,0,0,4,2,38,45,70,120,148,177,209,176,129,81,53,33,0,0,0,52,130,160,208,166,22,0,0,0,53,57,65,54,52,51,46,46,47,52,50,59
1990,S29,Oregon Creek,39.39442,-121.08302,440,15,25.4,4.8,20.7,850,130,29.4,195.4,50,3782,1803,719,293,89,318,229,10,-16.3,44.3,-9999,1312,888,51,14.6,21.6,32.5,26.1,0.1,6.5,13.8,7.9,7.4,14.1,23.1,17,436,247,8,103,-9999,18.9,25,18.9,31,3,0,2,291,829,1669,1090,948,408,24,279,1,39,499,180,45,85,92,82,10,0,0,1,124,342,563,282,39,108,556,185,54,55,49,48,13.6,13.3,18.8,23.3,22.7,29.4,34.8,33.2,31.7,27.2,19.3,12,0.2,-1.5,4,7.4,8.1,10.9,16.1,14.5,12.5,8.5,2.6,-2.4,6.9,5.9,11.4,15.4,15.4,20.1,25.4,23.9,22.1,17.9,10.9,4.8,259,175,97,41,109,3,1,4,13,33,57,57,-9999,16.2,24.8,21.1,10.9,35.6,17.9,21.5,17.5,19.3,19.9,16.9,12,14,3,0,0,0,0,0,0,0,2,19,86,60,198,306,325,453,632,584,512,398,179,48,349,336,207,100,101,20,1,3,14,53,212,407,0,0,3,19,18,85,231,183,136,45,0,0,15,10,26,29,30,30,31,31,30,30,22,9,5,5,0,0,0,0,0,0,0,0,0,0,38,46,84,121,137,179,206,179,137,95,51,40,0,0,0,80,28,176,205,175,124,61,0,39,57,52,54,53,56,48,50,49,47,47,50,53
1991,S29,Oregon Creek,39.39442,-121.08302,440,15.5,25.5,8.3,17.2,1107,102,23,249.7,30,3855,1693,741,314,97,334,237,12,-16.3,44.3,-9999,1292,815,52,16,17.8,32,27.7,1,4.1,13.3,9.7,8.5,10.9,22.6,18.7,204,640,40,155,-9999,14.8,27.4,20.7,30,11,0,1,360,567,1624,1236,873,677,32,218,4,10,463,264,51,74,92,86,2,9,0,0,135,300,559,297,9,128,520,158,53,57,48,49,15.8,20.2,12.3,19.3,21.8,28.2,35.2,32.7,34.2,28.8,20,15,0.9,4.7,1.5,4.1,6.6,10.4,15.7,13.6,14.1,10.4,4.5,1.6,8.3,12.4,6.9,11.7,14.2,19.3,25.5,23.2,24.2,19.6,12.2,8.3,34,114,529,52,59,33,1,6,3,85,67,124,-9999,13.8,2.9,24.6,16.9,30.8,31.5,19.8,26.5,19.2,16.4,11.1,8,2,10,1,0,0,0,0,0,0,1,8,116,198,82,198,287,429,633,562,573,451,212,114,304,162,346,198,134,28,1,4,7,31,180,299,0,4,0,2,9,70,232,162,187,74,3,0,17,25,20,25,29,30,31,31,30,31,25,20,0,0,9,0,0,0,0,0,0,0,0,2,42,61,61,105,134,172,210,178,147,98,51,32,9,0,0,53,75,139,209,172,145,13,0,0,53,53,64,53,54,50,48,48,46,48,53,54
1992,S29,Oregon Creek,39.39442,-121.08302,440,16.1,25.8,5.5,20.3,1236,50,21.1,519.7,35,4115,1534,832,321,67,331,263,3,-16.3,44.3,-9999,1345,905,54,14.9,23.7,32.8,26,2.5,8.1,14.2,8.5,8.7,15.9,23.5,17.2,546,210,42,159,-9999,25.1,18,14.9,22,2,0,2,366,990,1705,1111,840,320,18,270,0,113,525,194,62,88,92,84,3,0,0,0,121,376,567,281,0,221,524,160,61,54,49,50,14,15.7,18.4,23.2,29.5,29.6,32.9,36,32.4,26.5,18.9,11,0.8,5.1,5.4,7.3,11.5,12.4,14.7,15.6,12.7,9.5,3.4,0,7.4,10.4,11.9,15.3,20.5,21,23.8,25.8,22.5,18,11.2,5.5,78,344,135,72,3,39,1,2,4,130,25,403,-9999,4.2,15.2,21.3,38.8,10.3,18.6,25.1,23.1,7.8,13.7,5.1,10,4,2,0,0,0,0,0,0,0,2,16,97,153,210,303,477,479,583,643,525,403,183,59,333,209,195,102,22,14,2,1,12,51,207,385,0,0,4,18,91,101,182,243,146,47,1,0,17,25,28,29,31,30,31,31,30,31,23,15,1,1,0,0,0,0,0,0,0,0,0,1,38,47,80,121,175,176,196,195,141,91,49,36,0,0,0,49,172,137,194,193,136,0,24,0,58,66,59,53,50,52,50,46,46,51,52,58
1993,S29,Oregon Creek,39.39442,-121.08302,440,14.9,23.5,6.1,17.5,1578,124,15.8,190.2,38,3703,1741,621,313,83,328,245,28,-16.3,44.3,-9999,1265,737,54,12,20.8,31.6,25.7,0.6,6.8,12.9,7.9,6.3,13.8,22.2,16.8,1238,343,54,176,-9999,8.3,27.3,13.7,40,2,0,2,208,800,1585,1071,1054,431,28,287,0,32,418,171,48,87,92,82,27,0,0,0,107,328,552,279,0,74,498,165,63,57,48,49,12.1,12.8,19.1,19.8,23.5,28.5,32.8,33.5,32.2,25.6,19.2,13.6,0,1.8,6.2,5.6,8.7,11.3,13.8,13.5,11.8,9.3,2.6,1.4,6.1,7.3,12.6,12.7,16.1,19.9,23.3,23.5,22,17.5,10.9,7.5,485,350,171,103,69,46,1,7,1,62,113,169,-9999,1.8,11.7,1.4,11.9,26.6,32.8,22.5,23.6,1.6,16,6.1,15,9,2,1,0,0,0,0,0,0,2,9,68,83,229,226,346,446,566,573,509,386,176,95,374,296,175,171,85,22,3,3,14,60,213,324,0,0,5,4,22,81,165,173,133,37,0,0,15,18,29,28,30,30,31,31,30,31,22,19,13,5,0,0,0,0,0,0,0,0,0,10,35,42,82,105,141,171,198,183,141,87,50,29,0,0,0,2,72,124,197,177,140,25,0,0,60,64,60,57,56,51,48,46,45,53,50,63
1994,S29,Oregon Creek,39.39442,-121.08302,440,15.1,25.7,6.2,19.5,1109,61,22.6,419.4,39,3789,1797,742,306,86,317,231,6,-16.3,44.3,-9999,1331,960,52,14.6,22.1,33.8,23.2,1.5,6.5,13.7,6.4,8,14.3,23.7,14.8,516,161,4,337,-9999,12.5,31.1,10.3,25,2,0,8,322,845,1724,924,893,397,18,450,0,43,545,154,56,85,92,75,5,0,0,1,122,351,594,263,0,191,590,179,58,53,46,51,16.1,14.1,20.1,21.6,24.6,30.5,35.8,35.2,31.9,24.7,12.9,11.6,1.9,1.2,4.6,5.8,9,11.3,15.5,14.2,12.2,6.8,0.3,0.7,9,7.7,12.3,13.7,16.8,20.9,25.7,24.7,22.1,15.8,6.6,6.2,102,244,36,82,43,3,0,1,14,33,290,261,-9999,-0.5,25,9.6,2.9,37.2,27.7,28.5,12.7,18.4,0,-0.8,7,9,2,0,0,0,0,0,0,0,8,13,134,92,222,258,366,476,639,609,511,335,79,70,283,286,184,142,71,15,1,2,14,93,342,364,0,0,5,9,30,99,238,208,134,20,0,0,20,17,27,28,31,30,31,31,30,29,15,17,1,3,0,0,0,0,0,0,0,0,1,2,42,47,89,115,148,185,216,193,139,87,38,33,0,0,53,33,105,183,215,192,125,54,0,0,55,59,53,53,54,47,46,44,46,48,59,60
1995,S29,Oregon Creek,39.39442,-121.08302,440,15.5,24.1,7.5,16.6,2130,163,12,147.9,26,3842,1597,651,335,69,337,268,29,-16.3,44.3,-9999,1253,797,56,14,18.3,31.4,27.8,2.9,5.3,13.1,9.2,8.4,11.8,22.2,18.5,1003,944,54,22,-9999,7.6,18.5,17.5,26,6,0,0,342,632,1585,1219,877,597,36,177,2,12,427,209,65,81,92,88,15,4,0,11,117,298,544,294,13,23,490,271,64,60,50,48,11.5,18.8,14.6,18.5,21.8,27.2,32.6,34.3,32.1,28,23.1,14.2,3.5,4.3,3.6,4.5,8,10.9,14.4,14,13.2,8.2,6.3,3.9,7.5,11.6,9.1,11.5,14.9,19,23.5,24.1,22.6,18.1,14.7,9.1,697,45,637,199,108,52,1,1,1,3,18,368,-9999,21.9,8.1,17.6,-2.9,8.2,17.6,29.8,20.7,17.7,14,-5.3,10,3,5,1,0,0,0,0,0,0,0,6,97,176,132,192,308,421,572,592,528,406,285,133,328,185,278,203,116,31,3,2,11,49,116,275,0,2,0,0,12,64,172,192,148,46,15,0,24,24,25,26,30,30,31,31,30,30,28,26,10,0,3,1,0,0,0,0,0,0,11,5,30,57,67,100,131,163,194,187,138,98,58,30,0,13,0,0,23,111,193,186,137,95,39,0,73,55,64,57,58,53,50,46,48,45,50,64
1996,S29,Oregon Creek,39.39442,-121.08302,440,15.9,26.7,8.2,18.5,2170,151,11.9,177,25,3997,1576,791,334,67,326,259,8,-16.3,44.3,-9999,1315,723,55,14.6,21.2,34.4,24.5,3.7,6.3,15,7.9,9.1,13.7,24.7,16.2,1107,453,9,304,-9999,15.8,29.9,13.9,19,3,0,1,394,797,1813,1015,798,436,13,302,0,34,628,129,72,84,92,85,7,0,0,0,117,338,595,265,0,21,587,115,65,55,48,52,13.7,16,18.7,21.4,23.6,30.6,36.3,36.2,30.3,24.5,18.6,12.5,2.7,4.4,4.1,5.8,8.8,12.7,17.1,15.3,11.3,7.6,4.8,3.8,8.2,10.2,11.4,13.6,16.2,21.7,26.7,25.7,20.8,16.1,11.7,8.2,366,373,137,197,119,6,1,2,23,81,201,665,-9999,1.1,20.3,19.1,7.9,36.4,21.6,31.5,22.5,10.5,8.7,-4.6,8,4,3,0,0,0,0,0,0,0,1,8,114,147,195,253,349,500,671,642,474,343,197,112,308,215,208,146,83,11,1,1,21,87,194,302,0,0,2,8,23,116,270,241,105,21,2,0,22,24,26,28,31,30,31,31,30,30,26,25,4,1,0,0,0,0,0,0,0,0,0,2,36,49,84,114,141,183,215,197,132,85,48,33,0,0,0,0,21,177,214,196,110,5,0,0,64,63,55,53,56,50,49,45,47,51,57,67
1997,S29,Oregon Creek,39.39442,-121.08302,440,15.7,24.6,7.5,17.1,1257,84,20.5,293.7,28,3947,1559,717,326,68,327,260,13,-16.3,44.3,-9999,1297,875,55,14.1,23.4,32,24,2.8,7.3,14,8.7,8.5,15.4,23,16.3,1217,148,46,375,-9999,16.7,21.6,10.1,22,2,0,2,343,941,1653,1025,858,343,23,314,0,86,481,151,66,86,92,87,12,0,0,1,117,371,551,258,32,223,505,115,64,52,50,55,13.2,16.6,20.8,21.3,28.2,28.6,34,33.3,31,23.7,17.3,13.3,2.4,2.2,4.9,6.1,11.1,12.2,15.1,14.6,13.1,7.3,5.6,1.7,7.8,9.4,12.8,13.7,19.6,20.4,24.6,24,22,15.5,11.5,7.5,532,20,72,56,20,33,1,12,18,95,263,135,-9999,23.3,20.9,15.5,13.5,14.9,26.4,23.4,12.1,15.2,3.1,14.4,9,5,2,0,0,0,0,0,0,0,1,9,104,127,234,255,452,461,606,586,510,326,189,96,319,237,170,144,30,18,2,3,14,101,199,323,0,0,6,8,72,90,205,186,134,16,1,0,22,19,27,28,31,30,31,31,30,30,27,20,7,0,0,0,0,0,0,0,0,0,1,5,35,53,92,112,167,169,203,179,132,82,43,29,0,32,19,57,147,136,202,167,115,0,0,0,65,55,52,54,51,53,49,49,50,52,63,71
1998,S29,Oregon Creek,39.39442,-121.08302,440,14.2,25.8,6.5,19.3,2030,197,11.9,131.1,40,3469,2049,672,314,97,324,227,21,-16.3,44.3,-9999,1187,664,58,12.1,17.6,32.1,23,2.5,4.9,14.1,8.1,7.3,11.3,23.1,15.6,1182,456,23,386,-9999,4.5,22,6.6,30,4,0,3,275,578,1665,973,956,638,41,382,0,3,515,154,64,81,92,83,17,2,0,1,101,283,553,250,0,0,530,134,69,60,50,56,12,11.1,17.1,18.2,17.5,25.9,34.4,36,30.6,23.4,15.1,13.3,3.2,2.7,3.9,4.8,6.1,10.9,15.8,15.5,14,6.9,3.5,-0.4,7.6,6.9,10.5,11.5,11.8,18.4,25.1,25.8,22.3,15.2,9.3,6.5,507,540,167,156,133,21,1,1,41,35,310,118,-9999,0.2,9.6,18.6,-14.8,7.4,25,33.7,4.7,17.2,-2.2,12.2,10,11,3,1,0,0,0,0,0,0,3,12,100,77,172,193,213,401,621,643,517,316,140,75,327,307,235,204,199,39,1,1,13,109,261,355,0,0,0,2,1,53,220,242,140,14,0,0,24,21,26,27,29,30,31,31,30,29,24,14,7,8,0,1,1,0,0,0,0,0,1,1,32,36,77,98,108,154,204,195,128,82,40,33,0,0,0,0,0,133,203,194,88,46,0,0,71,72,59,58,64,56,50,46,53,52,63,63
1999,S29,Oregon Creek,39.39442,-121.08302,440,15.3,23.7,8,15.8,1171,34,21.6,690.8,32,3793,1695,683,316,90,332,242,15,-16.3,44.3,-9999,1292,875,53,13.4,19.9,31.7,27.2,1.1,4.8,13,9.4,7.3,12.4,22.4,18.3,774,237,13,216,-9999,18.9,26.6,19.1,31,6,0,1,262,680,1597,1201,964,556,26,222,0,24,427,232,53,78,92,87,10,1,0,4,114,330,555,293,0,152,541,182,60,54,48,49,14,13,15.4,19.5,24.8,29.3,33.5,32.5,33.5,28.6,19.5,15.9,2,1.8,2.6,4.3,7.6,11.1,14,13.9,13.4,9.3,5.3,1.7,8,7.4,9,11.9,16.2,20.2,23.7,23.2,23.5,19,12.4,8.8,254,401,131,87,19,8,1,4,2,60,153,49,-9999,1.5,11.3,19.5,26,29.1,32.2,18.3,24.7,22.8,9.8,14.4,9,9,5,1,0,0,0,0,0,0,1,7,107,83,128,202,349,454,580,563,552,432,216,126,315,294,282,192,82,20,3,4,9,38,175,282,0,0,0,2,22,85,179,163,167,61,3,0,20,18,23,26,30,30,31,31,30,31,27,20,3,5,1,0,0,0,0,0,0,0,4,2,37,43,72,106,152,177,202,175,145,99,49,34,0,0,0,19,133,169,201,171,143,39,0,0,61,63,59,54,50,49,47,49,46,46,56,56
2000,S29,Oregon Creek,39.39442,-121.08302,440,15.5,24.9,7.6,17.2,1370,111,18.6,223.7,28,3862,1641,711,325,73,326,252,9,-16.3,44.3,-9999,1294,768,55,14.2,21.9,33.3,23.1,2.7,6.8,14.1,7.2,8.4,14.3,23.7,15.1,834,270,16,235,-9999,20.6,28.1,11.3,22,3,0,4,343,848,1720,933,859,394,11,399,0,47,534,129,65,85,92,79,8,0,0,1,115,348,579,253,0,109,563,96,63,55,48,53,12.8,13.9,18.4,22.6,24.7,32.4,32.8,34.7,30.1,23.2,15.9,16,2.5,3.9,4.1,6.8,9.4,13.8,13.6,15.1,12.3,7.8,1.6,3,7.6,8.9,11.3,14.7,17,23.1,23.2,24.9,21.2,15.5,8.7,9.5,360,425,114,93,63,14,0,1,33,148,54,65,-9999,-3.3,30.7,23.6,7.5,35.4,27.4,21.5,13.1,10.5,10.3,9.7,10,6,3,0,0,0,0,0,0,0,4,5,100,115,190,285,374,541,564,615,485,325,123,145,325,252,211,117,66,6,3,2,18,101,279,261,0,0,2,13,32,156,163,214,114,16,0,1,22,23,26,29,31,30,31,31,30,30,19,23,5,3,0,0,0,0,0,0,0,0,1,0,34,43,83,118,147,193,198,187,129,80,43,38,0,0,0,25,84,179,198,186,96,0,0,0,66,67,56,53,55,49,48,47,50,54,55,55
2001,S29,Oregon Creek,39.39442,-121.08302,440,16,25.6,6.6,19,1342,28,19.4,929.8,38,4091,1655,911,317,84,330,246,8,-16.3,44.3,-9999,1356,927,54,14.1,23.2,33.7,26.1,1.6,7,14.6,9.6,7.8,15.1,24.1,17.8,452,227,8,323,-9999,22.4,24.9,8.1,27,3,0,1,313,923,1760,1164,909,393,12,250,1,111,575,225,57,84,92,87,7,0,0,1,117,373,585,280,0,178,577,172,60,52,48,53,13.6,12.7,20.4,18.8,30.4,31.2,34.2,35.8,32.8,27.8,17.7,11.2,0.6,1.2,5.5,3.8,11.7,12.9,15.4,15.4,13.7,10,5.1,1.9,7.1,7,12.9,11.3,21.1,22,24.8,25.6,23.2,18.9,11.4,6.6,154,233,114,111,3,6,1,1,17,47,259,397,-9999,8.3,17,17.7,32.5,28.6,20.2,25.8,16.2,4.1,4.1,4.9,11,10,2,1,0,0,0,0,0,0,1,12,89,78,239,189,495,511,612,637,546,430,188,77,342,305,167,208,18,9,1,1,9,39,201,352,0,0,7,1,103,127,211,237,162,61,2,0,17,17,28,25,31,30,31,31,30,31,26,20,3,4,0,0,0,0,0,0,0,0,1,0,38,43,89,103,181,186,204,195,141,95,45,37,0,0,0,0,178,180,203,194,124,48,0,0,58,63,55,54,48,50,49,46,48,49,60,59
2002,S29,Oregon Creek,39.39442,-121.08302,440,15.8,26.3,5.9,20.4,1262,52,20.4,508.4,35,4010,1645,830,316,83,321,238,13,-16.3,44.3,-9999,1341,991,53,13.6,21.2,34.2,26.5,1.6,5.8,14.7,8.5,7.6,13.5,24.4,17.5,646,311,3,178,-9999,19.2,31.7,20.2,32,4,0,1,296,781,1787,1129,943,466,11,250,0,39,602,189,56,81,92,86,11,1,0,1,117,343,595,285,0,165,593,233,61,54,47,49,12,17.5,17.2,21.3,25,31.9,36.2,34.6,32.6,26.4,20.3,12.5,-0.2,3.1,2.5,6.3,8.4,13,16.4,14.5,13.1,7.4,5,2.3,5.9,10.3,9.9,13.8,16.7,22.5,26.3,24.6,22.8,16.9,12.7,7.4,149,100,213,50,48,1,1,1,1,0,177,522,-9999,14.8,19.5,9.9,28.1,34.5,26.8,33.7,24.8,24.2,11.5,-0.6,16,4,4,0,0,0,0,0,0,0,1,10,67,151,157,261,363,523,659,605,534,369,227,95,380,211,254,140,73,8,1,2,11,70,169,327,0,0,0,10,29,139,258,205,153,32,5,0,14,22,22,28,30,30,31,31,30,30,26,21,4,0,1,0,0,0,0,0,0,0,1,6,35,54,80,112,152,191,216,188,141,93,52,28,0,0,0,61,104,190,216,187,140,93,0,0,60,55,54,55,51,48,48,46,47,46,54,69
2003,S29,Oregon Creek,39.39442,-121.08302,440,15.9,27.2,7.4,19.7,1299,80,20,340.3,28,4048,1666,913,324,85,333,248,11,-16.3,44.3,-9999,1317,893,55,14.9,19.6,34.1,26.1,3.2,5.4,15,9.1,9,12.5,24.5,17.6,746,480,20,147,-9999,4.6,23.9,14.1,20,5,0,4,392,699,1797,1159,806,538,11,313,3,30,611,268,68,81,92,82,7,3,0,1,121,319,590,287,0,92,570,231,62,57,48,51,16.6,15.5,18.6,15.5,24.7,31.9,37.1,33.2,33.9,29.4,15.1,12.2,5.2,2,4.4,3.3,8.5,13,17.3,14.8,14.4,10.3,2.4,2.7,10.9,8.8,11.5,9.4,16.6,22.5,27.2,24,24.1,19.9,8.8,7.4,140,85,168,256,57,1,1,18,3,12,132,427,-9999,18.8,12,-9.2,11,40.4,18.3,13.1,20.9,18.2,3.1,-4,4,6,2,2,0,0,0,0,0,0,4,10,182,116,199,140,360,524,685,588,572,460,127,96,225,254,205,258,75,8,0,3,7,29,277,325,3,0,3,0,28,140,284,187,187,81,0,0,28,19,27,24,30,30,31,31,30,31,21,23,1,1,0,3,0,0,0,0,0,0,1,6,41,50,83,87,149,192,221,178,145,101,41,30,0,0,0,0,92,190,220,160,142,89,0,0,64,57,56,61,53,48,48,50,47,47,59,66
2004,S29,Oregon Creek,39.39442,-121.08302,440,15.9,25.4,7.1,18.4,1197,34,21.6,744.8,30,4025,1565,789,326,71,325,254,13,-16.3,44.3,-9999,1326,980,54,12.8,23.7,33.7,24,2.1,7.6,14.5,7.8,7.4,15.7,24.1,15.9,904,95,4,313,-9999,30.3,23.8,12.8,29,1,0,2,277,966,1759,996,950,290,12,349,0,64,574,150,61,89,92,83,10,0,0,2,108,371,585,263,0,274,580,126,65,52,48,53,12.7,13.3,22.7,23,25.5,31.4,35.1,34.7,31.8,23.1,17.1,14.5,1.4,2.3,6.9,7.1,8.8,12.6,15.8,15.2,12.4,7.7,3.4,2.7,7.1,7.8,14.8,15,17.1,22,25.4,25,22.1,15.4,10.3,8.6,149,327,53,24,18,2,1,1,12,195,106,308,-9999,3.4,34.7,32.4,23.9,31.9,19.7,19.8,22.5,5.1,10.7,10.9,11,8,1,0,0,0,0,0,0,0,2,7,88,94,294,296,377,510,632,617,511,323,162,123,343,282,119,108,64,10,1,2,14,103,232,289,0,0,16,16,33,126,231,216,135,16,0,0,19,20,30,29,30,30,31,31,30,30,23,23,3,3,0,0,0,0,0,0,0,0,2,5,35,43,97,120,154,189,209,187,138,80,45,29,0,0,44,95,135,186,208,186,126,0,0,0,63,64,53,53,51,48,48,48,47,54,57,68
2005,S29,Oregon Creek,39.39442,-121.08302,440,15.7,27.2,7.8,19.4,1579,182,16.3,149.2,24,3930,1596,748,334,64,331,267,7,-16.3,44.3,-9999,1282,722,56,14.5,20.4,33.2,24.8,3.2,6.3,14.6,8.3,8.9,13.3,23.9,16.5,660,466,48,201,-9999,15.5,25,11.6,21,3,0,1,375,761,1739,1045,825,470,38,274,0,29,587,132,69,85,92,87,5,1,0,1,118,324,574,265,0,31,527,164,63,57,49,52,13.1,16,18.4,19.7,23.1,26.9,36.9,35.9,29.9,25,19.4,14.1,2.5,4.4,5,4.8,9,10.1,17.5,16,11.3,8.2,5.3,3.8,7.8,10.2,11.7,12.2,16.1,18.5,27.2,26,20.6,16.6,12.4,9,228,124,253,92,120,46,0,1,14,39,149,511,-9999,18.1,17.8,22.8,5.9,19.9,30,25,18.1,10.7,6,-4.8,9,4,2,1,0,0,0,0,0,0,1,6,105,147,203,213,344,406,686,648,468,360,218,132,321,215,200,184,86,37,0,1,22,76,177,278,0,0,3,4,23,55,285,247,100,28,4,0,22,24,28,26,31,30,31,31,30,30,27,25,3,0,0,0,0,0,0,0,0,0,1,2,35,49,81,106,137,163,218,193,130,86,49,34,0,0,0,14,17,117,218,192,116,48,0,0,65,63,58,54,58,52,49,47,48,51,57,62
2006,S29,Oregon Creek,39.39442,-121.08302,440,15.6,27.2,7.8,19.4,1506,38,17,723.7,36,3925,1767,865,319,77,320,243,16,-16.3,44.3,-9999,1293,928,56,14.6,18.8,34.5,24.5,3.1,5.8,15.5,8.3,8.9,12.3,25,16.4,941,716,4,148,-9999,7.1,24.3,13.2,20,11,0,2,376,700,1835,1039,823,587,8,316,0,52,649,164,68,78,92,85,7,9,0,1,120,312,594,267,0,126,590,212,63,60,49,53,12.8,16.9,11.9,18.2,26.4,32.3,36.7,34.3,31.9,24.7,17,13.7,2.7,2.7,1.4,6,10.1,14.1,17.6,14.7,12.8,7.6,4.6,2.2,7.8,9.8,6.6,12.1,18.3,23.2,27.2,24.5,22.4,16.1,10.8,7.9,232,198,387,299,31,3,1,1,2,9,136,207,-9999,23,1.5,3.9,16,17.6,24.2,31.1,26.8,16.6,-3.9,6.9,9,5,10,1,0,0,0,0,0,0,2,8,105,139,79,210,411,545,686,604,519,346,174,107,321,225,355,187,46,6,0,2,13,86,218,310,0,0,0,3,49,160,285,203,141,23,0,0,22,21,19,28,31,30,31,31,30,30,26,21,3,1,8,1,0,0,0,0,0,0,1,3,34,53,59,96,157,192,217,186,138,86,43,33,0,0,0,0,126,189,216,185,135,77,0,0,67,56,65,62,53,50,49,47,48,50,61,66
2007,S29,Oregon Creek,39.39442,-121.08302,440,15.9,25.6,6,19.6,947,71,27.3,359.6,33,4024,1565,771,321,76,321,246,5,-16.3,44.3,-9999,1331,903,53,14.4,23.6,33.7,24.2,2,7.3,14.8,8.2,8.2,15.4,24.2,16.2,605,164,13,169,-9999,23,24.7,13.2,24,2,0,1,329,949,1769,1018,884,320,13,288,0,72,584,116,59,88,92,87,4,0,0,1,119,372,583,256,12,208,570,113,60,52,49,53,14.7,14.8,21.8,22,26.9,31,35,35.1,29.2,22.5,21,11.5,0.2,3.5,6,6.1,9.8,12.6,16.2,15.5,11.5,7.6,5.5,0.5,7.4,9.2,13.9,14.1,18.3,21.8,25.6,25.3,20.4,15.1,13.3,6,28,370,39,97,28,9,2,1,30,103,36,203,-9999,4.5,27.3,9.3,32.5,30.1,21,23.1,17.7,2.5,19.4,8.2,10,6,1,0,0,0,0,0,0,0,1,14,97,125,268,268,413,503,638,628,461,313,244,67,332,243,142,133,45,10,1,1,24,111,153,370,0,0,11,11,50,120,237,227,95,14,7,0,15,22,29,28,31,30,31,31,30,30,27,16,0,2,0,0,0,0,0,0,0,0,1,2,40,46,95,116,161,186,208,189,126,78,53,33,12,0,55,20,133,177,205,188,96,0,17,0,54,64,53,52,51,49,49,48,50,55,53,63
2008,S29,Oregon Creek,39.39442,-121.08302,440,15.9,25.9,5.7,20.2,1020,16,25.4,1604.7,39,4077,1661,897,316,86,327,241,17,-16.3,44.3,-9999,1333,1029,54,12.5,21.8,34.2,26.5,1.2,6,15.2,9.9,6.8,13.9,24.7,18.2,769,73,3,196,-9999,28,33.5,15.4,37,3,0,1,247,815,1811,1195,1009,437,10,218,0,51,626,220,53,82,92,89,17,0,0,0,110,351,590,283,0,279,588,162,63,53,49,52,10.7,15.2,18.4,21.1,25.9,31.6,35.4,35.6,33.3,26.2,20,12.3,0.8,2.3,3.7,4.5,9.8,13,16.4,16.2,13.9,9.2,6.5,0.5,5.7,8.7,11,12.8,17.9,22.3,25.9,25.9,23.6,17.7,13.2,6.4,383,183,44,16,12,1,1,1,1,69,126,183,-9999,20.9,29.4,34,20.5,43.8,31.6,25.1,25.5,12.5,8.2,10.6,16,6,3,1,0,0,0,0,0,0,1,13,65,115,187,230,398,518,646,647,558,394,244,75,384,256,217,169,52,8,1,1,8,56,154,357,0,0,2,6,43,135,245,246,171,42,7,0,17,20,25,26,31,30,31,31,30,31,28,16,11,1,0,0,0,0,0,0,0,0,0,4,31,49,83,114,154,189,210,191,143,90,49,30,0,0,39,98,142,188,210,190,142,20,0,0,67,59,55,50,53,49,49,48,47,51,58,64
2009,S29,Oregon Creek,39.39442,-121.08302,440,15.8,26,6.4,19.6,1227,138,21,188.1,31,4003,1645,839,321,75,327,252,7,-16.3,44.3,-9999,1302,791,55,14.3,21.7,32.9,25.2,2.1,6.7,14.8,8.9,8.2,14.2,23.8,17.1,615,382,23,200,-9999,22.7,19.2,14.5,25,4,0,1,336,842,1730,1093,880,440,20,306,2,73,556,208,61,82,92,85,6,1,0,0,118,348,564,272,0,115,542,134,61,55,50,53,16.6,13.9,17,21,27.1,28.9,35.5,34.2,33.7,23.1,18.8,12,3.1,2.8,3.2,5.3,11.5,12.2,16.5,15.5,14.8,7.6,4.4,0.8,9.8,8.4,10.1,13.1,19.3,20.5,26,24.9,24.2,15.3,11.6,6.4,104,329,228,49,106,20,1,2,10,124,66,190,-9999,12.8,27.8,30.5,9.8,7.1,28.6,22.1,20.1,8.2,15,9.4,5,7,4,1,0,0,0,0,0,0,1,13,155,107,161,240,442,466,650,615,576,322,196,75,257,266,248,159,33,17,1,2,7,104,196,356,2,0,0,7,67,93,249,214,190,16,2,0,23,21,24,27,31,30,31,31,30,30,25,17,1,2,1,0,0,0,0,0,0,0,0,3,42,45,78,112,158,171,211,183,143,80,48,31,0,0,0,63,52,151,210,181,134,0,0,0,58,64,57,53,55,53,49,49,49,54,56,61
2010,S29,Oregon Creek,39.39442,-121.08302,440,15,25.6,7.8,17.8,1824,83,13.7,310.1,29,3687,1809,689,328,91,334,242,9,-16.3,44.3,-9999,1226,737,58,13.3,18.2,32.3,24.3,2.9,4.6,14.3,8.8,8.1,11.4,23.3,16.6,667,461,8,412,-9999,12.8,23.4,7.3,26,5,0,2,321,595,1686,1054,893,625,20,314,0,5,509,175,66,79,92,84,7,2,0,0,110,299,556,261,0,55,548,134,66,58,50,55,13.1,14.8,17.1,17,20.6,28.9,35,33.1,31.8,24.2,16.8,12.4,3.8,3.9,3.5,4.1,6.1,12.6,16.2,14.1,13,10,3.5,3.3,8.5,9.4,10.3,10.6,13.3,20.8,25.6,23.6,22.4,17.1,10.2,7.8,313,164,152,237,72,6,1,2,2,192,217,466,-9999,12.8,24.2,15.3,-1.1,12.6,32.1,25.7,19.7,-9.9,12,0.9,8,5,4,1,0,0,0,0,0,0,2,9,120,127,165,168,262,473,638,576,520,375,159,104,300,238,241,226,157,16,1,3,12,66,236,313,0,0,0,0,5,97,237,175,142,33,0,0,25,23,25,25,29,30,31,31,30,31,24,24,3,1,0,1,0,0,0,0,0,0,0,3,34,46,78,93,128,171,207,179,137,81,44,31,0,0,0,0,55,165,206,177,134,0,0,0,69,65,57,59,56,54,49,48,48,58,58,63
1981,S16,Oneil Creek,41.80979,-123.11887,1092,11.8,22,5.7,16.3,1065,68,20.5,322.5,64,2668,2557,306,294,118,311,193,14,-20,40.1,-9999,1046,717,60,10.6,16.1,28.8,18.4,0.8,2.8,10.8,6.2,5.7,9.4,19.8,12.3,370,127,19,413,-9999,17,28.6,9,46,13,0,6,172,440,1363,688,1105,801,83,578,0,0,249,57,50,67,92,80,10,2,0,2,86,268,497,195,0,154,478,85,67,58,49,62,10.4,11,12.4,16.6,19.3,25.2,29.9,31.4,27,16.3,12,9.1,2,-0.1,0.5,2.9,5,8.5,11.3,12.6,10,5,3.5,2.3,6.2,5.5,6.4,9.7,12.1,16.8,20.6,22,18.5,10.7,7.8,5.7,94,103,72,33,22,14,5,1,27,102,284,309,-9999,10.8,19.6,20.8,10.7,16.2,34.9,34.6,17.4,3.7,5.8,-4.6,14,15,11,2,0,0,0,0,0,1,5,15,69,49,69,145,226,354,483,526,405,183,100,59,370,347,361,249,191,65,11,7,43,228,307,378,0,0,0,0,0,29,93,127,57,0,0,0,20,13,16,23,28,30,31,31,30,27,24,22,2,3,2,0,0,0,0,0,0,0,2,5,26,36,59,90,119,152,179,166,112,54,29,24,0,0,0,57,97,139,174,165,85,0,0,0,72,63,61,57,56,51,48,48,51,64,72,68
1982,S16,Oneil Creek,41.80979,-123.11887,1092,10.2,20.4,1.7,18.7,1260,79,16.1,259.2,135,2318,3046,221,247,147,297,150,62,-20,40.1,-9999,978,607,60,8.2,15.1,26.8,17.1,-0.7,1.1,11.1,5,3.8,8.1,19,11,654,257,54,291,-9999,26.1,11.2,7.4,84,24,0,12,106,363,1285,598,1278,927,98,664,0,3,190,28,39,53,92,73,40,16,0,7,76,268,453,181,0,130,399,78,70,56,55,62,5.8,9.6,9.9,13.6,21.7,24.2,27.5,28.7,23.3,17.3,10.6,7.5,-2.4,-2,-0.5,0.1,3.6,9.2,11.9,12.2,9.1,5.7,0.2,-1.1,1.7,3.8,4.7,6.8,12.6,16.7,19.7,20.4,16.2,11.5,5.4,3.2,142,203,166,85,6,48,2,4,18,111,162,312,-9999,5.4,8.9,19.7,49.6,1.3,15.5,16.6,7.3,5.1,9.7,3.1,45,24,18,6,0,0,0,0,0,1,12,30,15,30,44,78,241,351,456,479,337,206,55,27,507,393,415,336,177,67,17,14,81,205,379,456,0,0,0,0,3,28,71,91,28,0,0,0,9,9,13,14,25,30,31,31,29,28,15,12,19,14,11,5,0,0,0,0,0,0,7,7,21,34,51,80,137,144,161,149,96,57,29,20,0,0,0,0,130,95,158,146,78,0,0,0,70,60,65,57,47,56,55,53,57,63,65,78
1983,S16,Oneil Creek,41.80979,-123.11887,1092,10.8,20.7,4,16.7,1451,124,14.3,167.3,90,2385,2823,194,286,122,312,190,57,-20,40.1,-9999,942,588,64,8.5,14.6,25.6,17.5,0.2,2.8,10.6,6.1,4.3,8.7,18.1,11.8,760,324,85,295,-9999,11.2,9.3,7.5,68,17,0,10,115,395,1208,657,1228,868,141,609,0,4,154,36,45,67,91,79,39,9,0,10,75,251,432,184,0,128,347,113,72,62,56,65,8.8,9.3,10.3,12.8,20.8,23.3,25.6,27.8,24.2,18.8,9.4,7.5,0.4,1.2,2.4,0.9,5.1,7.5,10.9,13.6,9.8,6.1,2.4,0.4,4.6,5.2,6.3,6.8,12.9,15.4,18.3,20.7,17,12.5,5.9,4,158,290,249,52,23,8,11,66,15,31,249,298,-9999,-12.5,-9.5,9.8,33.2,13.1,8,6.8,22.4,7.9,-7.9,-5.7,22,16,11,5,0,0,0,0,0,0,10,24,43,46,68,78,250,311,411,486,361,234,62,34,419,353,364,335,169,96,33,13,65,180,364,432,0,0,0,0,4,16,41,97,36,0,0,0,16,17,22,17,28,29,31,31,30,29,21,16,7,10,6,3,0,0,0,0,0,0,9,21,24,31,48,75,128,142,150,139,98,61,24,20,0,0,0,23,105,134,139,74,83,30,0,0,72,73,73,61,53,53,57,59,57,61,76,70
1984,S16,Oneil Creek,41.80979,-123.11887,1092,10.7,21.8,2.3,19.5,929,73,22.3,298.3,103,2406,2931,275,263,131,297,165,38,-20,40.1,-9999,1006,657,60,9.4,15.6,27.9,16.4,-0.4,2.2,10.7,4.9,4.5,8.9,19.3,10.7,451,203,34,475,-9999,7.9,28.1,3.3,63,14,0,14,127,405,1318,573,1210,848,115,707,0,2,236,37,41,63,91,74,21,5,0,12,83,264,479,181,11,109,445,92,67,58,51,64,10.3,10.5,13.3,13.1,20.2,23.4,31,29.2,25.5,14.8,8.9,6.7,-0.9,-0.6,1.3,1.2,4.3,7.3,12.6,12.3,8.6,4.7,1.5,-2.1,4.7,4.9,7.3,7.2,12.2,15.3,21.8,20.8,17,9.7,5.2,2.3,17,135,109,70,24,17,5,13,15,93,367,65,-9999,2.5,12.4,7,4.4,24.2,33.8,26.2,20.2,-4.9,-5.3,9.3,21,18,9,5,0,0,0,0,0,1,12,37,47,44,91,85,229,310,520,488,362,158,53,19,416,362,334,326,188,97,6,12,65,257,385,483,0,0,0,0,2,16,121,98,37,0,0,0,12,12,19,18,26,29,31,31,29,27,19,9,1,5,1,3,0,0,0,0,0,0,12,15,28,35,62,76,126,143,184,152,107,49,24,19,11,0,0,6,103,127,179,139,92,0,0,0,62,63,61,61,52,52,49,52,51,68,75,76
1985,S16,Oneil Creek,41.80979,-123.11887,1092,10.7,22.8,3.2,19.6,522,79,39.6,289.2,127,2449,2970,295,244,135,286,151,48,-20,40.1,-9999,1020,730,57,8.8,16.1,28.7,15.5,-2.3,1.8,11.9,3.5,3.2,8.9,20.3,9.5,179,127,31,182,-9999,23.8,25.3,6.1,91,25,0,27,82,429,1408,507,1330,853,63,789,0,2,277,17,26,59,92,64,13,11,0,24,83,276,489,172,22,194,457,57,62,55,52,61,9.2,10.4,9.6,18.9,19.7,26.4,31.4,28.4,21.2,17.4,7.9,9.6,-2.8,-2.1,-2,3,4.3,10.2,14.1,11.3,8.2,4.3,-2.1,-0.8,3.2,4.1,3.8,10.9,12,18.3,22.8,19.9,14.7,10.9,2.9,4.4,5,109,98,13,17,18,9,4,30,70,82,67,-9999,22.7,18.8,33.9,18.6,31.7,16,28.2,-0.2,8.7,9.7,15.1,32,22,23,1,0,0,0,0,0,1,26,21,28,34,34,177,218,398,550,460,292,189,25,42,463,385,441,218,195,40,4,18,115,221,453,418,0,0,0,0,2,51,149,77,17,0,0,0,8,8,9,23,26,30,31,31,29,26,9,13,0,7,11,0,0,0,0,0,0,0,23,6,27,36,52,101,123,157,183,150,87,59,25,20,22,0,0,88,106,139,173,145,57,0,0,0,59,58,60,52,53,53,52,51,60,59,65,69
1986,S16,Oneil Creek,41.80979,-123.11887,1092,11.6,22.8,3.7,19.2,957,129,22.6,177.3,71,2637,2611,294,287,131,299,168,29,-20,40.1,-9999,1031,649,60,10,16.7,29,17.4,1,2.9,11.7,5.1,5.5,9.8,20.3,11.3,571,161,12,213,-9999,17.4,24.4,9.1,49,9,0,8,171,464,1411,601,1122,770,58,636,0,3,274,16,52,68,92,76,15,1,0,12,81,276,493,180,0,143,481,25,70,57,51,61,10.3,10,14.7,15.1,20.2,27.1,28,31.9,20.5,19.6,12.2,8.1,2.2,1.7,2.3,1.6,4.6,10.4,10.9,13.8,7.9,5.8,1.5,-0.8,6.2,5.9,8.5,8.4,12.4,18.7,19.5,22.8,14.2,12.7,6.9,3.7,183,322,93,28,40,10,2,1,77,48,88,67,-9999,4,19.5,17.2,15.5,28.1,21.7,23.3,-6.3,21.6,11.9,9.1,14,14,6,3,0,0,0,0,0,0,7,26,72,57,118,112,234,411,448,551,277,242,82,32,368,336,297,290,183,34,19,5,128,173,335,442,0,0,0,0,3,59,65,151,14,3,0,0,21,18,22,19,27,30,31,31,29,28,19,13,4,8,1,1,0,0,0,0,0,0,12,3,25,32,65,85,125,161,166,166,85,64,31,24,0,0,0,57,86,151,165,165,8,17,0,0,73,72,60,57,53,52,51,50,61,58,65,65
1987,S16,Oneil Creek,41.80979,-123.11887,1092,11.8,21.9,2.7,19.2,789,47,27.6,470.3,108,2794,2580,314,272,121,308,187,32,-20,40.1,-9999,1077,841,58,8.6,17.7,28.4,20.7,-1.2,3,11.2,6.5,3.7,10.4,19.8,13.6,352,151,26,74,-9999,22.5,27.4,21.4,80,15,0,6,96,533,1365,809,1286,727,67,471,0,11,236,67,34,67,92,79,24,4,0,4,79,297,485,216,0,200,459,182,66,55,51,57,7.7,9.9,11.1,20,22.1,27.2,26.7,31.4,26.5,23.3,12.4,6.5,-1.9,-0.8,0.2,3.1,5.7,10.1,11.2,12.5,9.4,7.9,2,-1.1,2.9,4.5,5.7,11.6,13.9,18.6,18.9,21.9,17.9,15.6,7.2,2.7,160,125,109,23,19,7,17,2,1,2,71,253,-9999,13,12.5,27.9,27,37.3,11.5,33.2,32.7,20.7,10.7,1.5,34,20,14,1,0,0,0,0,0,0,6,33,25,39,59,194,280,409,432,525,389,331,90,22,471,373,385,201,141,35,25,7,50,97,324,471,0,0,0,2,9,57,53,126,49,18,0,0,10,11,16,23,28,30,31,31,29,30,20,12,14,6,4,0,0,0,0,0,1,0,3,4,24,34,55,107,135,162,156,166,110,74,31,21,0,0,0,84,116,156,139,164,109,73,0,0,66,64,64,49,51,51,55,48,51,54,66,69
1988,S16,Oneil Creek,41.80979,-123.11887,1092,11.5,21.9,2.8,19.1,784,99,27.4,222.5,99,2649,2709,321,262,137,300,163,39,-20,40.1,-9999,1073,810,56,9.4,16.2,28.6,20.4,-1.2,1.8,10.7,5.6,4.1,9,19.6,13,422,121,55,308,-9999,13.6,24.5,13.8,79,14,0,11,120,405,1350,769,1255,837,106,526,0,0,256,65,34,59,91,77,35,2,0,2,86,272,495,220,34,150,440,186,65,55,49,56,7.2,14.4,13.5,16.5,18.5,23.1,31.7,31.2,27.6,23.8,9.7,7.5,-1.5,-0.9,-1.1,2.9,3.5,8.1,12.2,11.7,8.4,6.6,1.7,-1.1,2.8,6.8,6.2,9.7,11,15.6,21.9,21.4,18,15.2,5.7,3.2,159,11,36,44,40,51,1,3,4,5,300,130,-9999,32.7,31.8,7.3,1.9,10.7,28.2,34.7,25.5,19.2,-3.3,11.1,34,11,12,2,0,0,0,0,0,0,10,30,25,73,68,145,191,317,524,509,390,318,61,27,472,311,368,250,219,92,6,9,49,107,370,456,0,0,0,0,0,17,124,115,50,15,0,0,11,11,12,23,25,30,31,31,29,29,19,12,14,0,1,0,1,0,0,0,0,0,2,21,23,45,65,89,118,139,190,166,117,78,26,19,0,34,28,45,77,88,189,163,113,73,0,0,69,51,53,57,54,55,47,47,46,50,73,73
1989,S16,Oneil Creek,41.80979,-123.11887,1092,10.8,19.6,2.8,16.8,659,110,31.6,178.2,113,2439,2816,200,267,123,302,179,49,-20,40.1,-9999,1003,628,59,7.4,15.6,27.1,18.7,-2.1,3.4,10,5.1,2.7,9.5,18.5,11.9,264,317,31,154,-9999,11.1,28.1,17.3,101,16,0,7,62,448,1248,657,1373,802,106,596,0,0,160,40,28,71,91,74,23,10,0,15,74,261,469,198,0,123,439,66,67,61,51,58,7.3,7.5,9.6,18.1,19,25.5,28,27.9,25.4,17.8,13.1,10.9,-1.8,-3.4,1.3,4.4,4.4,8.2,10.5,11.2,9.2,4.9,1.2,-0.5,2.8,2.1,5.5,11.2,11.7,16.9,19.2,19.6,17.3,11.3,7.2,5.2,93,41,226,51,40,10,5,17,39,73,41,23,-9999,13.7,-11.3,22.3,22.4,30.9,30,23.5,20.5,12.8,18.6,16.4,35,37,15,1,0,0,0,0,0,1,6,18,22,14,53,184,211,355,441,452,369,201,87,51,475,441,391,210,202,64,22,21,61,209,326,395,0,0,0,0,0,30,60,71,40,0,0,0,10,6,19,26,27,30,31,31,29,27,18,13,8,6,9,0,0,0,0,0,0,0,15,9,23,31,47,95,119,155,167,147,106,59,33,20,0,0,0,44,79,146,163,130,66,0,0,0,68,61,72,57,55,50,50,52,53,60,61,70
1990,S16,Oneil Creek,41.80979,-123.11887,1092,10.7,22,0.1,21.9,686,154,30.2,143,154,2519,2964,306,250,134,301,167,32,-20,40.1,-9999,1023,632,58,8.9,16.6,27.5,18.5,-1.7,2.6,11.4,5.2,3.6,9.6,19.5,11.8,305,171,57,130,-9999,19.7,17.2,17.2,83,11,0,13,103,452,1335,675,1290,785,103,629,0,2,239,64,31,65,91,71,28,3,0,2,81,275,467,200,2,104,410,116,63,56,54,59,7.4,8.4,13.4,18.7,17.7,24,30.4,28.2,26.9,18.4,10.2,5,-1.3,-3.3,0.2,4,3.5,7.9,13.6,12.9,10.8,4.5,0.2,-4.9,3.1,2.5,6.8,11.3,10.6,15.9,22,20.6,18.9,11.4,5.2,0.1,180,102,58,28,85,13,13,31,12,44,74,46,-9999,16.4,23.9,22,13.2,20.1,21.3,10.4,18.7,15.4,17.6,14.3,32,33,10,1,0,0,0,0,0,1,12,64,29,21,84,189,180,327,526,482,416,204,55,7,466,429,349,207,228,83,6,13,38,206,385,553,0,0,0,2,0,20,126,93,64,0,0,0,12,6,15,25,25,29,31,31,30,26,15,4,15,13,1,0,2,0,0,0,0,0,1,1,23,33,63,99,113,146,176,144,110,62,28,26,0,0,6,70,28,133,164,113,98,18,0,2,69,59,57,55,56,52,53,56,53,57,66,62
1991,S16,Oneil Creek,41.80979,-123.11887,1092,11.5,22.3,4,18.3,646,89,33.3,249.7,91,2627,2746,360,265,143,314,171,39,-20,40.1,-9999,1024,673,58,9.6,13.2,27.7,21.5,-1.8,0.8,10.9,7.1,3.9,7,19.3,14.3,196,247,46,142,-9999,13.6,25.3,20.3,98,28,0,5,132,278,1320,866,1274,1014,129,454,0,0,249,110,32,52,91,81,15,19,0,5,89,237,474,224,0,90,429,154,61,60,52,57,10.1,13.8,9.4,13.4,16.7,22.8,31,29.3,29.7,21.7,13,8.3,-2,1.6,-1.5,1,3,6.5,13.5,12.7,11.5,7.4,2.4,-0.1,4,7.7,4,7.2,9.9,14.7,22.3,21,20.6,14.6,7.7,4.1,61,88,151,55,41,15,19,11,3,36,103,62,-9999,14,11.6,13.4,15.8,33.7,26.8,15.5,28.7,20.6,11.6,8.4,25,8,23,5,0,0,0,0,0,0,5,23,37,90,34,86,159,290,535,495,467,299,100,37,436,284,438,324,252,112,5,11,22,123,309,428,0,0,0,0,0,12,134,104,100,10,0,0,10,18,10,17,24,29,31,31,30,30,21,15,4,1,16,2,1,0,0,0,0,0,5,11,28,42,51,78,108,141,181,152,123,69,32,19,0,0,0,23,67,126,162,141,120,34,0,0,59,61,62,60,57,52,51,53,49,57,65,63
1992,S16,Oneil Creek,41.80979,-123.11887,1092,12.5,22.6,1.8,20.8,729,72,30.9,313.5,88,2993,2399,395,288,98,308,210,10,-20,40.1,-9999,1092,725,59,10,19.4,29,19.6,0.6,5,12.3,5.7,5.3,12.2,20.7,12.6,213,126,54,146,-9999,21.8,19.1,10,55,7,0,9,165,675,1443,732,1146,576,55,552,0,34,303,58,48,79,92,75,7,1,0,2,85,312,489,207,0,186,434,105,68,56,53,57,9.2,12.6,14.7,17.5,25.9,26.1,29.3,31.7,26.6,20.2,12.1,5.7,0.3,1.5,2.5,4.5,8,10.2,13.3,13.6,9.8,6.6,0.6,-2,4.7,7,8.6,11,17,18.1,21.3,22.6,18.2,13.4,6.4,1.8,69,82,43,70,13,37,16,1,5,80,61,253,-9999,8.7,26.1,4.3,34.9,13,14.5,29.6,13,8.6,8.6,4.4,21,10,6,1,0,0,0,0,0,0,8,42,48,79,123,180,372,394,504,546,396,262,74,16,414,304,293,216,67,42,8,5,47,156,349,498,0,0,0,1,33,48,109,145,53,5,0,0,16,17,22,26,30,30,31,31,30,29,16,9,3,1,0,0,0,0,0,0,0,0,2,3,25,39,65,92,155,154,169,165,110,65,32,21,0,0,22,22,142,117,153,164,105,0,0,0,70,64,61,59,49,54,54,50,52,58,62,71
1993,S16,Oneil Creek,41.80979,-123.11887,1092,10.7,19.8,2,17.8,835,143,24.8,138.3,121,2430,2871,205,266,113,311,198,71,-20,40.1,-9999,972,569,60,6.6,15.1,25.8,19.8,-2,3.6,9.9,5.4,2.3,9.3,17.9,12.6,555,264,62,66,-9999,-5.4,21.8,16.5,113,12,0,12,54,434,1185,740,1409,810,143,566,0,3,132,70,28,72,91,71,64,4,0,2,70,248,443,211,0,37,380,152,69,63,54,56,5.9,8.3,12.8,13.4,19,23.4,26.2,27.9,27.7,20,11.8,8.1,-1.9,-2,2.4,2.1,6.3,8,10.1,11.6,10.2,7.1,-1,-0.8,2,3.2,7.6,7.8,12.7,15.7,18.1,19.8,18.9,13.6,5.4,3.7,198,104,98,89,77,31,8,23,4,22,40,140,-9999,16.8,8.9,-16.7,-8.3,19.7,23.6,22.3,25.7,5,18.8,4.4,43,28,8,4,0,0,0,0,0,0,11,26,16,23,95,97,241,319,407,458,417,268,55,31,500,411,325,308,177,90,34,19,38,150,378,442,0,0,0,0,3,18,39,75,65,5,0,0,10,9,22,21,29,29,31,31,30,30,12,13,24,10,1,3,0,0,0,0,0,0,2,30,21,31,58,76,114,141,156,146,115,64,32,18,0,0,0,0,37,110,147,123,110,42,0,0,72,64,66,63,61,54,53,53,50,60,58,72
1994,S16,Oneil Creek,41.80979,-123.11887,1092,11.4,23.4,2.7,20.6,604,55,35.4,423.6,121,2692,2786,379,265,113,304,191,21,-20,40.1,-9999,1065,827,59,8.7,17.6,29.2,17.4,-0.4,3.3,11.3,4.4,4.2,10.4,20.2,10.9,317,89,10,245,-9999,12.4,28.1,12.9,69,9,0,35,117,527,1405,652,1240,712,87,719,0,9,295,75,40,69,91,65,18,1,0,2,78,287,503,197,0,197,493,137,69,56,50,60,9.5,8.6,14.9,16.4,21.4,24.9,32.8,29.9,27.7,18.4,6.2,6.8,0.6,-1,0.8,3,6.3,8,13.9,12,11.1,4.3,-2.1,-1.3,5.1,3.8,7.8,9.7,13.8,16.4,23.4,21,19.4,11.3,2.1,2.7,84,93,31,27,31,8,1,1,14,24,208,83,-9999,-3,22.5,12.3,2.5,26.8,27.7,29.8,17.1,15.8,5.7,-0.6,19,24,7,2,0,0,0,0,0,1,34,33,53,32,104,145,278,342,568,494,432,201,19,23,404,394,318,251,143,73,3,11,32,209,478,471,0,0,0,0,9,25,167,103,75,0,0,0,17,11,17,23,29,29,31,31,30,26,9,11,3,6,0,0,0,0,0,0,0,0,2,8,25,31,68,89,130,151,194,158,113,62,22,21,0,0,37,62,98,143,193,157,99,38,0,0,70,67,55,58,54,51,48,50,52,56,70,69
1995,S16,Oneil Creek,41.80979,-123.11887,1092,11.8,20.3,4.9,15.4,1284,119,17,171,64,2644,2519,247,299,115,316,201,74,-20,40.1,-9999,997,616,61,9.7,15,26.3,20.5,1,2.4,10.5,7.1,5.3,8.7,18.4,13.8,478,407,74,72,-9999,15.9,14.3,12.2,61,18,0,3,170,396,1236,806,1144,867,131,465,0,3,172,72,51,63,91,83,21,14,0,39,83,257,448,209,0,84,375,157,71,60,54,59,7.8,14.5,10.8,14.3,20,22.7,28,28.3,27.3,19.8,14.5,9,1.9,2.4,0.4,1.3,5.5,8,12.6,10.8,11.4,5.1,4.9,2.2,4.9,8.5,5.6,7.8,12.8,15.3,20.3,19.6,19.3,12.4,9.7,5.6,337,59,238,131,38,50,23,2,6,12,54,335,-9999,18.9,13.6,14.6,19.6,6.7,5.9,30.4,19,13.8,3.9,-4.2,20,7,14,4,0,0,0,0,0,1,3,16,46,104,54,97,245,310,474,452,429,233,144,56,411,263,387,307,173,97,13,21,34,181,251,382,0,0,0,0,3,16,86,71,72,0,0,0,20,20,16,18,28,29,31,31,30,27,26,21,14,0,9,4,0,0,0,0,0,0,39,7,20,43,53,82,123,137,161,150,110,66,33,19,0,0,0,0,84,87,139,149,104,53,0,0,80,61,65,58,56,56,56,50,54,55,69,72
1996,S16,Oneil Creek,41.80979,-123.11887,1092,11.7,23.3,4,19.3,1468,104,14.8,223.4,78,2684,2658,369,289,127,303,175,32,-20,40.1,-9999,1034,618,61,9,15.9,29.6,18.2,1.5,2.5,12.2,5.8,5.3,9.2,20.9,12,790,241,23,267,-9999,11.9,32.4,10.3,54,12,0,6,160,419,1462,663,1145,818,73,582,0,0,335,34,56,65,92,79,28,3,0,1,75,266,502,191,0,58,479,81,74,58,51,62,7.2,10.9,13.5,15.4,18.8,25.1,31.9,31.7,24.7,17.9,12.2,7.6,0.8,1.5,0.7,2.6,4.1,8.6,14.7,13.3,9,5.5,2.9,0.9,4,6.2,7.1,9,11.5,16.8,23.3,22.5,16.8,11.7,7.6,4.3,290,166,86,95,60,12,8,3,21,81,164,483,-9999,5.2,26.8,0.4,8.5,39.4,23.9,34,15.7,7.7,7.4,-3.9,25,13,9,2,0,0,0,0,0,1,5,22,37,64,86,128,204,355,566,540,355,211,98,40,437,325,340,270,208,64,3,5,69,200,313,422,0,0,0,0,0,30,166,140,34,0,0,0,17,18,17,22,26,30,31,31,29,28,22,18,17,4,1,1,1,0,0,0,0,0,1,8,20,34,63,85,118,152,184,166,102,59,30,20,0,0,0,0,58,140,176,163,81,0,0,0,78,69,59,59,55,52,52,49,54,61,69,77
1997,S16,Oneil Creek,41.80979,-123.11887,1092,11.5,21.5,3.4,18.1,825,122,26,176,92,2633,2669,298,281,105,309,204,45,-20,40.1,-9999,1004,598,62,8.5,17.4,27.3,17.5,0,3.6,11.5,6.6,4.2,10.5,19.4,12.1,777,149,63,249,-9999,7.5,17.6,5.6,69,11,0,6,112,537,1325,669,1238,712,108,583,0,18,237,43,43,69,91,82,39,2,0,4,76,287,460,180,0,138,397,63,71,57,54,66,7.6,10.2,13.7,15,23.6,23.1,29.2,29.5,24.6,16.5,11.5,7.7,-0.3,-0.8,0.9,2.5,7.5,8.1,12.9,13.5,10.5,5.6,3.7,-0.9,3.7,4.7,7.3,8.7,15.5,15.6,21.1,21.5,17.6,11.1,7.6,3.4,241,53,62,64,23,31,8,24,36,101,111,70,-9999,18.9,12.7,3.4,6.6,14.4,22.1,16.4,4.7,6.7,5.5,12.7,28,19,9,3,0,0,0,0,0,1,5,28,33,40,90,120,328,318,497,510,377,194,98,29,447,369,333,280,99,91,9,9,56,215,312,450,0,0,0,0,18,18,104,115,43,0,0,0,14,11,18,22,30,30,31,31,30,28,24,12,16,2,1,1,0,0,0,0,0,0,4,21,22,35,64,83,141,139,170,151,99,54,27,19,0,0,1,19,118,108,162,127,63,0,0,0,73,63,59,60,52,55,54,55,58,65,74,77
1998,S16,Oneil Creek,41.80979,-123.11887,1092,11.1,23,2.2,20.8,1331,102,15.8,225.2,113,2572,2927,413,276,129,307,178,49,-20,40.1,-9999,988,630,63,7.4,13.6,29.3,18.1,0.3,2.5,12.2,6,3.9,8.1,20.7,12.1,636,253,17,389,-9999,2.7,30,11.1,75,15,0,12,106,335,1451,691,1269,916,81,625,0,0,332,82,46,66,92,76,39,7,0,3,67,229,496,196,0,39,479,112,75,64,52,63,7.6,7,11.5,15,14.5,24.4,31.5,31.9,28,17.3,9,6.4,1.6,0.1,1,2.2,4.4,8.5,14.5,13.7,11.5,4.5,2,-2,4.6,3.6,6.2,8.6,9.4,16.4,23,22.8,19.8,10.9,5.5,2.2,303,263,117,56,79,14,2,1,7,54,329,107,-9999,3.3,4.3,17.5,-13.7,27.3,25.3,37.3,20.2,12.7,0.3,6.5,22,25,12,3,1,0,0,0,0,1,11,38,46,29,71,118,146,343,558,550,443,191,58,19,419,400,367,284,266,72,4,5,29,220,376,487,0,0,0,0,0,25,157,150,82,0,0,0,19,14,18,21,27,30,31,31,30,26,20,10,14,20,3,1,3,0,0,0,0,0,3,4,20,26,55,83,91,147,182,167,114,58,24,21,0,0,0,27,12,133,180,166,107,5,0,0,79,76,65,59,67,53,53,50,53,60,76,70
1999,S16,Oneil Creek,41.80979,-123.11887,1092,11.2,20.6,4.2,16.5,932,42,22.7,487.4,106,2559,2782,293,270,139,312,174,83,-20,40.1,-9999,1007,721,60,7.2,14.4,27.3,20.9,-1.2,1.4,10.7,7.3,3,7.9,19,14.1,592,148,28,203,-9999,19.3,21.4,17.8,94,24,0,4,72,338,1288,840,1344,939,112,451,0,0,205,87,34,56,91,84,55,9,0,19,70,254,466,216,0,159,439,123,71,58,52,59,8.7,6.4,9.5,14.5,19.2,24.1,29.4,28.3,28.6,21.2,12.9,8.5,-0.4,-1.1,-0.6,0.9,3.7,7.4,11.6,13,10.9,6.7,4.3,0,4.2,2.7,4.5,7.7,11.5,15.8,20.5,20.6,19.7,13.9,8.6,4.3,193,292,103,31,14,1,1,26,1,63,140,68,-9999,-9.1,10.8,33,14,21.2,34.6,8.3,33.4,20.1,-0.1,11.5,24,32,19,4,0,0,0,0,0,0,4,22,38,18,38,96,204,322,481,485,442,279,119,38,431,425,421,310,208,87,12,13,29,140,282,423,0,0,0,0,0,19,91,96,81,6,0,0,14,11,13,17,25,29,31,31,30,29,25,15,10,34,8,1,0,0,0,0,0,0,18,11,25,26,50,83,121,148,175,144,118,68,30,19,0,0,0,52,107,147,174,118,117,6,0,0,69,73,66,57,53,51,50,56,50,56,72,71
2000,S16,Oneil Creek,41.80979,-123.11887,1092,11.6,21.7,3.5,18.1,820,62,26.4,351,89,2672,2659,325,282,120,308,189,32,-20,40.1,-9999,1029,668,61,8.4,16.3,28.9,18,0.4,2.9,11.7,5.6,4.4,9.6,20.3,11.8,512,165,26,124,-9999,16.6,27.4,10.4,67,14,0,14,120,462,1409,665,1222,788,53,629,0,2,269,55,47,66,92,73,27,3,0,2,74,271,492,192,0,108,466,94,73,58,51,62,7.1,9.6,12.2,17.7,19.1,27.6,28.5,30.6,26.2,17.9,9.8,9.6,0,1.3,-0.3,3.7,5.3,10.2,12.3,12.8,10.5,5.9,0.2,1.1,3.5,5.4,5.9,10.7,12.2,18.9,20.4,21.7,18.3,11.9,5,5.3,258,186,62,81,23,13,9,4,13,66,45,60,-9999,-4.3,22.6,23.6,3.7,30.7,19.2,32.4,11.6,8.5,11,7.5,29,16,13,1,0,0,0,0,0,1,13,17,31,50,63,170,229,416,477,516,399,217,49,54,451,348,376,223,188,32,12,8,45,194,390,390,0,0,0,0,2,61,88,120,55,0,0,0,15,17,14,25,28,30,31,31,30,28,15,18,18,6,2,0,0,0,0,0,0,0,2,3,21,31,59,94,117,165,167,160,107,58,27,21,0,0,0,14,94,152,158,156,94,0,0,0,75,72,59,56,58,50,54,50,54,62,68,71
2001,S16,Oneil Creek,41.80979,-123.11887,1092,11.9,22.5,3.6,18.9,771,72,28.4,313.4,95,2809,2596,378,277,111,312,201,15,-20,40.1,-9999,1069,748,59,9.1,17.6,28.6,20,-0.4,3.3,11.5,6.7,4.3,10.4,20,13.4,175,130,34,275,-9999,20.7,18.2,9.8,67,12,0,6,121,538,1385,788,1224,723,90,507,0,24,276,78,41,67,91,80,9,3,0,3,80,294,486,209,0,166,452,130,68,56,52,60,8.7,8.9,14.2,13.5,25.1,24.6,29.8,31.3,27.5,20.8,11.7,7,-0.7,-1.5,1.6,0.9,7.3,7.9,12.9,13.7,11.1,6.4,2.7,0.2,4,3.7,7.9,7.2,16.2,16.2,21.3,22.5,19.3,13.6,7.2,3.6,54,60,68,46,17,20,10,3,21,28,226,218,-9999,15.8,20.5,13.4,28,10.9,22.8,20.8,18.7,6.9,3.8,3.8,25,25,7,5,0,0,0,0,0,0,6,26,37,29,103,87,348,337,506,542,430,268,90,31,437,397,316,324,83,77,8,5,33,150,324,443,0,0,0,0,24,23,111,142,73,6,0,0,13,10,20,17,30,29,31,31,30,29,22,16,3,4,1,2,0,0,0,0,0,0,3,2,25,33,64,78,151,150,174,162,112,68,29,22,0,0,0,32,134,129,164,159,91,39,0,0,68,64,59,59,48,51,52,51,53,56,70,71
2002,S16,Oneil Creek,41.80979,-123.11887,1092,12.1,23.4,3,20.5,975,28,22.6,824.5,87,2839,2574,411,276,130,303,173,37,-20,40.1,-9999,1083,815,58,8.8,16.2,29.9,21.1,-0.2,2.2,12.2,5.9,4.3,9.2,21.1,13.5,480,138,10,138,-9999,20.5,28.5,22.4,72,16,0,5,125,437,1478,789,1235,820,54,492,0,3,336,73,42,63,92,78,28,3,0,6,80,274,509,220,0,135,499,181,69,56,50,54,7.2,12.2,12.1,16.6,19.9,26.7,32.4,30.5,27.8,21.2,14.3,7.8,-1.3,0.4,-0.6,3,4.4,9.6,14.4,12.6,10.5,4.6,2.5,1.1,3,6.3,5.7,9.8,12.1,18.1,23.4,21.6,19.1,12.9,8.4,4.4,154,109,59,64,15,5,4,1,3,1,134,427,-9999,13.3,17.3,23.5,20.7,29.6,21.9,33.8,24.6,29,13.8,2.5,33,12,14,2,0,0,0,0,0,0,4,21,27,66,62,149,226,393,571,514,424,247,117,42,469,323,383,246,191,42,3,8,35,169,288,418,0,0,0,0,3,48,170,118,69,4,0,0,12,15,13,23,27,30,31,31,30,27,21,18,13,2,2,1,0,0,0,0,0,0,6,12,22,39,59,90,124,160,189,160,115,71,35,19,0,0,0,26,109,155,185,159,111,70,0,0,70,61,58,57,53,51,50,50,51,51,62,76
2003,S16,Oneil Creek,41.80979,-123.11887,1092,12.3,23.9,4.3,19.5,820,44,27.2,540.1,77,2918,2545,476,291,121,315,194,35,-20,40.1,-9999,1049,769,62,10.2,14.5,30.2,19.7,1.6,2.7,13.1,6.6,5.9,8.6,21.6,13.2,606,288,17,95,-9999,5,28.9,13.1,46,16,0,14,199,393,1529,797,1084,874,38,546,0,4,372,100,57,66,92,76,20,12,0,2,82,248,510,210,0,108,492,169,71,62,52,60,11.7,11.1,12.3,11,20.3,28.2,32.8,29.6,28.5,21.5,9.1,7.4,4.1,-0.3,1.7,1.4,5.1,10.4,14.9,13.9,11.8,7.4,0.7,1.2,7.9,5.4,7,6.2,12.7,19.3,23.9,21.7,20.2,14.5,4.9,4.3,123,55,143,128,17,1,4,12,10,6,79,241,-9999,22,-1.1,-8.1,24.3,47.2,27.2,12.2,20,15.7,3.7,-1.2,9,16,9,7,0,0,0,0,0,0,14,22,107,51,85,67,242,428,583,518,454,295,48,41,317,349,343,355,176,28,2,8,26,126,394,421,0,0,0,0,4,69,183,121,90,10,0,0,26,13,20,19,28,30,31,31,30,30,16,19,2,2,2,10,0,0,0,0,0,0,2,17,26,37,57,66,125,168,191,150,116,69,25,19,0,0,0,0,108,167,187,138,106,63,0,0,74,62,65,68,54,50,51,55,53,57,71,77
2004,S16,Oneil Creek,41.80979,-123.11887,1092,12.3,23.1,4.5,18.6,864,56,25.8,410.6,71,2876,2466,391,296,114,307,193,32,-20,40.1,-9999,1051,735,61,8.2,18.4,29.4,18.3,0.9,4.1,13,5.6,4.5,11.2,21.2,12,586,126,22,155,-9999,29.3,23.3,13.3,63,5,0,8,125,578,1493,664,1209,642,50,597,0,4,345,41,51,77,92,76,26,0,0,6,71,293,493,193,0,168,471,96,75,56,53,61,7.6,9.4,16.4,18.4,20.3,26.4,31.6,30.3,25.2,17.8,12,9.5,1.3,0.1,3,3.7,5.6,10.1,14.5,14.4,9.6,5.9,1.2,1.4,4.5,4.8,9.7,11.1,12.9,18.2,23.1,22.4,17.4,11.9,6.6,5.4,162,184,64,35,27,6,3,13,8,110,37,216,-9999,14.2,29.4,35.7,22.8,32.9,23.8,13.3,18.5,5.9,15.4,8.3,22,19,4,1,0,0,0,0,0,1,8,16,43,41,148,180,250,396,559,538,372,215,77,56,422,366,260,214,168,41,3,6,59,196,343,387,0,0,0,0,4,49,158,137,41,0,0,0,19,14,24,25,28,30,31,31,29,28,18,19,8,8,0,0,0,0,0,0,0,0,6,10,21,32,71,98,124,157,182,154,104,58,31,18,0,0,7,63,98,151,179,141,96,0,0,0,78,69,58,55,55,53,53,55,54,63,65,79
2005,S16,Oneil Creek,41.80979,-123.11887,1092,11.8,23.3,4.2,19.1,1016,114,21.5,204.7,74,2700,2639,375,290,107,306,198,15,-20,40.1,-9999,1011,639,62,10.1,16,28.4,18.1,0.6,3.6,12.3,5.8,5.4,9.8,20.3,12,306,259,31,232,-9999,3.4,21.5,8.3,53,10,0,8,164,468,1415,664,1138,768,118,593,0,4,334,37,49,72,91,79,10,3,0,2,85,259,477,190,26,39,446,128,68,61,54,62,8.3,12.6,14.4,14.6,18.9,21.6,31.9,31.5,24.7,18.3,11.3,8,0.1,0.4,2,2.3,6.5,7.8,14.6,14.5,9.3,5.8,2.4,1.4,4.2,6.5,8.2,8.4,12.7,14.7,23.3,23,17,12,6.8,4.7,77,13,104,79,76,27,3,2,6,28,198,402,-9999,27.2,12.5,13.4,-15.6,6.6,24.4,33.3,16.3,-1,9.4,0.6,24,12,7,3,0,0,0,0,0,1,7,20,39,68,111,114,243,291,566,558,361,221,81,45,432,318,305,288,175,111,3,4,65,191,336,410,0,0,0,0,4,12,165,157,37,0,0,0,15,15,21,21,29,29,31,31,29,28,21,19,4,0,1,2,0,0,0,0,0,0,1,6,23,40,65,81,113,130,185,162,102,60,28,22,0,26,0,2,37,104,182,160,96,32,0,0,72,60,60,61,62,58,52,53,55,61,70,73
2006,S16,Oneil Creek,41.80979,-123.11887,1092,11.8,23.7,3.8,19.8,1101,62,19.8,382,103,2802,2684,431,279,116,303,187,67,-20,40.1,-9999,1026,758,62,8.8,14.7,29.4,18.9,0.5,2.7,13.3,6.3,4.6,8.7,21.4,12.6,798,228,31,225,-9999,14.2,25.4,13.4,62,31,0,9,132,437,1506,729,1201,873,42,563,0,10,354,67,47,63,92,79,35,25,0,7,77,257,490,201,0,135,459,164,72,61,54,61,6.9,11.5,7.6,14.7,21.9,26.7,31.9,29.7,27,19.7,10.2,8.5,0.7,-0.8,-1.3,2.9,6.5,11.4,15.4,13.1,10.8,5.7,2.5,0.6,3.8,5.4,3.2,8.8,14.2,19.1,23.7,21.4,18.9,12.7,6.3,4.5,282,113,150,51,27,23,5,3,4,7,214,222,-9999,25.3,7.2,21.8,13.5,15.9,26.9,33.3,27.6,16,-3.3,6.7,27,16,28,3,0,0,0,0,0,0,8,21,36,51,27,122,288,422,577,507,416,240,73,43,442,349,462,278,133,30,3,9,38,175,350,415,0,0,0,0,10,65,177,113,64,3,0,0,17,11,11,23,29,30,31,31,30,28,21,17,17,4,24,1,0,0,0,0,0,0,7,14,20,38,44,81,133,155,182,153,110,65,26,19,0,0,0,29,106,132,177,150,106,58,0,0,78,59,69,62,54,56,54,53,53,57,74,77
2007,S16,Oneil Creek,41.80979,-123.11887,1092,11.7,22.5,2.4,20.2,791,62,27.4,360.8,99,2722,2644,339,279,115,303,188,32,-20,40.1,-9999,1034,728,60,8.8,18.1,28.4,17.9,-0.4,3.6,12.3,6.1,4.2,10.9,20.3,12,502,97,38,199,-9999,18.6,17.3,11.4,70,8,0,6,116,559,1412,659,1240,675,73,589,0,12,288,39,41,72,92,80,23,1,0,9,78,295,477,184,0,198,439,91,69,55,54,63,8.5,9.3,15.3,16.3,22.7,25.3,30.2,29.8,24.7,15.7,13.3,6.1,-1.9,0.2,2,2.7,6.2,8.9,14.9,13,9.8,5.4,3,-1.3,3.3,4.7,8.6,9.5,14.5,17.1,22.5,21.4,17.2,10.5,8.2,2.4,67,213,35,46,15,10,18,10,9,122,67,177,-9999,-0.2,18.2,7.2,30.4,21.4,6.2,24.3,20.6,-2.9,16.3,0.9,30,19,6,2,0,0,0,0,0,1,4,36,30,42,123,140,296,362,543,508,367,180,111,20,458,368,292,256,126,60,5,9,62,232,296,481,0,0,0,0,12,33,142,114,39,0,0,0,10,14,21,22,29,30,31,31,30,28,22,11,5,10,0,1,0,0,0,0,0,0,9,9,25,32,68,89,138,152,171,154,101,51,32,21,0,0,33,42,123,142,153,144,91,0,0,0,64,69,58,57,51,52,57,53,56,67,66,73
2008,S16,Oneil Creek,41.80979,-123.11887,1092,11.5,22.1,1.6,20.5,778,37,27.7,595,121,2735,2753,384,266,123,310,188,65,-20,40.1,-9999,1042,775,59,7.3,15.5,29,20.2,-1.4,2.1,11.7,7.5,2.9,8.8,20.3,13.8,534,142,12,129,-9999,22.5,29.7,15.7,101,20,0,4,80,417,1413,820,1356,862,72,478,0,7,285,92,32,59,91,84,58,5,0,2,73,267,493,209,0,155,481,139,70,57,51,61,5.4,10.4,11,14.4,21.1,26.1,30.6,30.2,28.6,19.1,12.9,7.3,-2.2,-0.7,-0.6,0.9,5.9,8.1,13.6,13.4,11.5,6.6,4.2,-1.6,1.6,4.9,5.2,7.6,13.5,17.1,22.1,21.8,20.1,12.9,8.6,2.9,272,85,86,31,25,5,1,6,1,38,90,138,-9999,15.4,15.3,31.4,20.9,41.3,32.6,15.3,27.7,10.8,8.7,9.4,47,18,16,4,0,0,0,0,0,0,4,32,15,44,54,96,267,363,529,521,451,247,122,25,511,364,398,312,153,59,6,7,26,169,283,466,0,0,0,0,7,33,128,123,88,4,0,0,10,12,13,17,29,30,31,31,30,29,25,11,37,4,4,1,0,0,0,0,0,0,1,17,20,35,56,83,129,159,178,156,117,61,30,18,0,0,0,51,104,155,176,150,116,23,0,0,73,63,61,57,54,48,52,53,51,61,71,73
2009,S16,Oneil Creek,41.80979,-123.11887,1092,11.9,23.4,2.7,20.7,676,111,32.3,211.3,93,2791,2658,424,273,117,306,189,23,-20,40.1,-9999,1054,702,60,9.3,16.7,29.1,18.7,-0.1,2.7,12.6,6,4.6,9.7,20.8,12.3,313,169,50,162,-9999,25.6,23.9,11.4,65,17,0,9,139,490,1458,706,1203,781,70,600,0,13,329,82,43,63,92,76,17,5,0,2,81,282,490,200,0,156,440,106,68,56,53,61,11,9.6,11.4,16.3,22.5,24.5,32.3,30.5,28.3,16.5,11.3,6.8,1.2,0.1,-0.5,1.8,6.9,9.7,14.5,13.4,11.3,5.2,1.4,-1.3,6.1,4.9,5.4,9.1,14.7,17.1,23.4,22,19.8,10.9,6.3,2.7,56,120,99,18,51,41,2,7,10,64,89,119,-9999,10,20.9,39.7,16.3,14.7,34.3,22.7,21.6,2.7,9.8,11.5,15,18,15,2,0,0,0,0,0,1,8,33,70,44,57,130,303,361,571,526,444,189,73,24,373,364,391,269,120,60,3,7,29,221,350,470,0,0,0,0,13,32,170,126,82,0,0,0,18,14,13,20,30,30,31,31,30,28,18,11,1,5,4,0,0,0,0,0,0,0,1,11,28,33,57,90,135,144,188,158,116,55,29,20,0,0,0,72,84,104,186,150,106,0,0,0,67,68,61,54,53,56,51,52,52,64,67,69
2010,S16,Oneil Creek,41.80979,-123.11887,1092,11.1,23,3.9,19.1,1172,116,18,198,86,2504,2850,340,278,146,312,166,37,-20,40.1,-9999,971,564,63,8.8,13.3,28.1,17.9,0.7,1.2,11.8,6.4,4.7,7.3,20,12.2,408,319,47,275,-9999,5.9,23.5,4.2,64,20,0,11,140,279,1380,694,1196,991,104,593,0,0,285,54,49,55,91,77,18,15,0,4,76,233,475,187,0,60,428,76,72,61,54,64,9.2,10.2,11.8,12.1,15.9,22.9,31.5,29.9,25.3,18.2,10.3,6.8,2.4,0.9,0,0.8,2.8,8.3,14.4,12.9,11,7,1.1,0.9,5.8,5.6,5.9,6.5,9.4,15.6,23,21.4,18.2,12.6,5.7,3.9,175,114,152,123,43,41,2,4,25,94,156,241,-9999,11.7,14.3,10.4,-7,6,36.6,27.7,5.4,-1.5,8.6,-1.3,16,15,13,6,1,0,0,0,0,0,10,25,64,53,64,71,144,317,556,507,395,238,61,35,382,344,376,347,268,92,4,9,47,177,369,435,0,0,0,0,0,17,155,113,52,2,0,0,22,16,15,17,23,30,31,31,30,29,18,18,5,3,5,8,2,0,0,0,0,0,4,10,23,33,58,72,104,137,183,155,101,58,28,19,0,0,0,0,60,96,181,151,76,0,0,0,77,69,61,63,58,56,52,52,58,65,69,72
1981,S36,Deer Creek,42.27411,-123.63617,393,12.6,21.7,6.1,15.6,1715,116,13.2,187.6,47,2884,2280,312,299,111,300,189,16,-19.2,42.5,-9999,1159,734,54,12,18.8,30.7,20.6,1.6,3.5,9.2,4.7,6.8,11.1,19.9,12.6,591,242,29,639,-9999,16.5,25.4,8.8,35,7,0,5,227,569,1375,712,1009,654,69,549,0,6,250,56,57,72,91,76,10,1,0,4,92,303,543,221,0,138,513,83,66,53,42,53,11.6,13.5,15.5,19,21.9,27.4,31.5,33.2,29.5,19.3,12.8,9.6,2.3,1,1.6,3.3,5.5,8.1,9.2,10.2,7.3,3.5,3.4,2.6,7,7.2,8.6,11.2,13.7,17.7,20.4,21.7,18.4,11.4,8.1,6.1,137,182,145,53,43,23,5,1,43,200,396,486,-9999,11.3,20.7,19.7,9,10.3,32.9,32.9,17.9,3.1,5.3,-4.6,12,10,6,1,0,0,0,0,0,1,4,14,83,79,115,181,273,382,476,517,402,202,107,66,345,297,295,212,147,48,13,8,44,208,297,366,0,0,0,0,6,42,87,121,56,0,0,0,21,16,20,24,28,30,31,31,28,24,23,22,3,2,1,0,0,0,0,0,0,0,4,5,27,41,69,101,134,168,194,181,126,65,30,24,0,0,0,48,90,144,189,180,83,0,0,0,69,60,56,52,51,46,40,39,40,52,69,69
1982,S36,Deer Creek,42.27411,-123.63617,393,11.3,20.3,2.7,17.6,1907,88,11.2,231.3,96,2567,2701,253,257,143,288,145,58,-19.2,42.5,-9999,1108,688,54,9.5,18,29.2,19.7,0.1,1.7,9.5,4,4.8,9.8,19.4,11.8,1037,435,48,453,-9999,27.2,9.7,6.8,64,13,0,9,140,479,1324,656,1188,768,77,605,0,8,209,36,45,59,91,71,41,8,0,8,80,304,512,212,0,142,464,82,69,51,45,53,7.1,11.7,13,16.8,24.1,26.8,30,30.8,26.8,20.5,11.7,8.5,-1.6,-0.8,0.4,0.8,3.9,8.8,9.9,9.9,6.9,4.3,0.7,-0.3,2.7,5.5,6.7,8.8,14,17.8,20,20.3,16.9,12.4,6.2,4.1,245,306,250,178,8,45,2,2,32,187,235,420,-9999,5.3,9.7,20.5,51.3,-0.8,13.6,16.2,7.8,4.3,8.3,3.4,35,15,10,3,0,0,0,0,0,1,9,23,23,50,76,122,281,384,464,475,356,232,68,36,476,347,352,276,140,47,15,15,68,182,355,429,0,0,0,0,8,43,78,88,35,1,0,0,11,11,16,17,26,30,31,31,28,26,16,14,23,10,5,3,0,0,0,0,0,0,8,9,22,38,61,93,150,162,183,167,114,68,30,20,0,0,0,0,142,118,181,165,82,0,0,0,69,59,59,51,42,49,45,43,44,51,64,78
1983,S36,Deer Creek,42.27411,-123.63617,393,11.9,20.8,4.6,16.2,2364,148,9.3,140.1,63,2675,2465,230,295,114,300,186,50,-19.2,42.5,-9999,1079,612,57,10.1,18,28.3,19.6,0.9,3.6,9.3,4.9,5.5,10.8,18.8,12.3,1227,542,92,497,-9999,11.8,6.2,7.5,51,8,0,7,166,544,1271,687,1124,684,104,568,0,10,181,38,51,72,91,77,36,4,0,10,82,294,494,210,0,99,401,112,69,56,47,56,9.9,12,14.1,16.6,23.2,26,28.5,30.4,26.8,21.2,11,8.2,0.8,2.3,3.2,1.7,5.8,7.3,9.6,11.2,7.2,4.5,2.9,1,5.4,7.1,8.7,9.1,14.5,16.6,19,20.8,17,12.8,7,4.6,269,538,406,93,43,15,19,58,13,59,425,425,-9999,-12.2,-9.3,11.6,33,8.4,1.2,8.9,22.9,8.4,-8.7,-4.5,18,10,6,2,0,0,0,0,0,0,7,20,54,77,118,129,297,348,435,489,361,245,82,42,395,301,291,267,125,69,23,12,65,171,332,413,0,0,0,0,10,27,56,99,36,2,0,0,17,20,24,19,29,29,31,31,28,26,22,18,9,8,2,1,0,0,0,0,0,0,10,20,25,36,61,91,141,160,172,161,114,70,27,21,0,0,0,0,99,145,153,103,101,11,0,0,70,68,65,54,49,47,47,47,45,50,73,70
1984,S36,Deer Creek,42.27411,-123.63617,393,11.6,21.3,3.1,18.3,1611,112,13.4,191.3,77,2631,2606,277,274,124,286,162,38,-19.2,42.5,-9999,1123,681,54,10.5,18.2,30,18.9,0.6,3.1,8.9,3.7,5.5,10.6,19.4,11.3,743,373,40,767,-9999,5.8,27,2.7,49,7,0,10,169,535,1330,615,1120,693,96,650,0,7,231,39,49,70,91,71,22,3,0,14,85,297,532,209,0,85,492,104,67,53,42,55,10.9,12.3,15.9,16.1,22.6,25.8,32.7,31.6,28.2,17.8,10.6,7.4,0,0.8,2.3,2,4.8,6.9,10,9.7,6.2,3.3,1.8,-1.2,5.4,6.6,9.1,9.1,13.7,16.3,21.3,20.7,17.2,10.5,6.2,3.1,37,281,202,116,55,32,3,5,17,166,584,114,-9999,0.7,11.6,4.9,0.9,22.2,34.3,24.6,19.8,-5.7,-5.9,7.6,17,11,5,2,0,0,0,0,0,1,9,30,57,69,132,128,274,339,506,485,367,180,68,25,393,315,278,269,146,75,8,13,62,232,356,460,0,0,0,0,7,24,111,96,39,0,0,0,15,16,22,20,27,29,31,31,28,24,19,11,1,5,1,2,0,0,0,0,0,0,13,16,28,38,69,89,140,159,201,172,121,60,27,19,0,0,0,0,85,127,198,167,104,0,0,0,64,62,57,56,48,46,40,41,40,55,70,76
1985,S36,Deer Creek,42.27411,-123.63617,393,11.3,22.5,3.4,19.1,867,110,24.5,205.3,103,2589,2764,303,250,127,275,147,47,-19.2,42.5,-9999,1118,753,53,9.5,18.1,30.7,17.3,-1.6,2.5,10,2.3,3.9,10.3,20.3,9.8,300,241,44,294,-9999,22.9,24.1,5.1,76,15,0,24,105,526,1412,524,1265,731,59,763,0,9,276,18,31,64,91,60,15,7,0,26,84,301,538,195,13,181,495,64,63,52,44,54,9.4,11.6,12.1,20.7,21.7,27.9,33.2,30.9,24,19.7,8.3,9.7,-2.5,-1,-0.7,3.7,4.7,9.3,11.8,8.9,5.8,2.7,-1.7,0,3.4,5.3,5.7,12.2,13.2,18.6,22.5,19.9,14.9,11.2,3.3,4.8,14,173,179,35,27,37,4,3,39,114,141,102,-9999,23.3,17.9,34.5,16.2,29.5,16.3,26.6,-1.8,7.3,9.8,15.5,29,16,14,1,0,0,0,0,0,1,23,19,31,49,59,209,258,407,543,462,298,199,28,47,454,351,384,186,161,36,4,18,110,211,442,405,0,0,0,3,5,56,142,78,18,0,0,0,9,11,13,24,27,30,31,31,27,23,10,15,1,6,7,0,0,0,0,0,0,0,25,8,27,38,59,108,134,168,201,169,103,67,25,20,13,0,0,74,107,132,197,166,64,0,0,0,59,58,58,49,50,48,43,41,47,49,65,70
1986,S36,Deer Creek,42.27411,-123.63617,393,12.3,22.3,4.4,17.9,1648,214,13.5,104.4,57,2815,2377,295,293,124,286,162,36,-19.2,42.5,-9999,1134,625,55,10.7,19,30.8,19.4,1.6,3.4,9.9,4,6.1,11.2,20.3,11.7,900,301,13,435,-9999,15.6,22.5,7.9,43,6,0,6,199,576,1412,634,1068,642,53,599,0,7,269,19,56,72,92,74,17,1,0,18,83,306,540,205,0,98,527,0,70,52,43,54,10.5,11.8,17.4,17.2,22.5,29,30,33.4,23.5,21.9,12.7,8.9,2.2,2.6,3,2,5,9.6,8.9,11.2,5.4,4.4,2.2,-0.1,6.4,7.2,10.2,9.6,13.7,19.3,19.5,22.3,14.5,13.2,7.4,4.4,286,512,168,49,84,8,3,1,116,106,213,101,-9999,4.2,19.7,16,11.2,26.8,18.7,21.9,-8,21.4,10.2,8.6,14,10,4,2,0,0,0,0,0,0,6,22,73,80,160,142,274,428,448,535,285,256,93,40,364,298,244,253,146,28,19,6,121,161,317,419,0,0,0,0,7,69,65,135,15,4,0,0,21,20,24,21,28,30,31,31,27,26,21,15,7,7,0,1,0,0,0,0,0,0,18,3,25,35,74,94,138,175,185,180,101,72,31,23,0,0,0,44,54,167,181,179,0,0,0,0,72,69,55,53,49,46,42,41,47,48,66,67
1987,S36,Deer Creek,42.27411,-123.63617,393,12.6,21.8,3,18.8,1322,53,17.1,412.3,82,2979,2328,336,281,111,297,186,34,-19.2,42.5,-9999,1183,914,53,10,20.2,30.5,22.4,-0.2,3.7,9.6,5.1,4.9,11.9,20.1,13.8,610,258,25,129,-9999,21.8,27.1,21.8,59,8,0,5,143,649,1384,820,1177,593,58,455,0,22,248,66,42,72,92,78,25,2,0,7,84,326,536,236,0,200,510,204,66,51,43,50,8.9,12.2,14.5,21.7,24.3,29.1,28.9,33.5,28.5,25.5,13.2,6.7,-0.8,0.5,1,3.8,6.3,9.4,9.2,10.1,7.1,6.1,2.2,-0.8,4.1,6.3,7.7,12.8,15.3,19.3,19.1,21.8,17.8,15.8,7.7,3,279,230,197,34,26,6,18,2,1,0,128,401,-9999,12.5,11.9,24.9,28.6,39.1,10.5,31.6,33,22.2,10.1,2.5,25,12,8,1,0,0,0,0,0,0,5,31,38,64,100,228,321,428,436,520,384,336,100,25,435,323,320,168,104,28,23,7,53,93,310,463,0,0,0,5,16,69,56,123,47,20,0,0,13,15,18,25,29,30,31,31,28,29,21,13,16,5,2,0,0,0,0,0,1,0,6,4,25,38,66,113,147,177,176,183,122,83,32,22,0,0,0,79,121,171,158,181,121,83,0,0,67,62,57,47,48,45,45,39,41,45,64,69
1988,S36,Deer Creek,42.27411,-123.63617,393,12.2,21.7,4.1,17.7,1264,142,17.6,153.2,73,2825,2435,308,273,126,289,162,50,-19.2,42.5,-9999,1167,762,52,10.4,18.6,30.4,21.7,-0.3,2.6,8.9,4.5,5.1,10.6,19.7,13.1,694,251,50,480,-9999,10.1,23.3,13.4,64,8,0,9,160,528,1351,775,1170,701,88,512,0,3,242,62,41,65,91,75,45,2,0,3,89,303,539,236,21,63,488,190,65,51,42,51,8.8,15.8,15.9,18.8,21.2,25.7,33.3,32.2,29.5,25.2,10.5,8.6,-0.6,0.5,-0.1,3.5,4.3,7.6,10.2,9,6.1,5.7,1.7,-0.4,4.1,8.1,7.9,11.1,12.7,16.6,21.7,20.6,17.8,15.4,6.1,4.1,268,25,84,87,80,47,1,1,12,8,461,190,-9999,32.2,28.8,7,-5.4,8.5,26.4,35.2,24,19.3,-3.2,11.4,25,8,7,1,0,0,0,0,0,0,9,23,37,99,102,181,244,348,519,484,383,325,66,36,434,272,314,213,174,68,7,13,53,101,358,428,0,0,0,0,3,27,120,95,46,16,0,0,13,15,15,24,26,29,31,31,27,28,19,14,15,0,1,0,0,0,0,0,0,0,3,30,24,47,72,99,132,157,205,176,127,82,27,18,0,21,0,12,51,110,203,175,116,74,0,0,68,52,50,53,50,48,39,39,37,44,71,74
1989,S36,Deer Creek,42.27411,-123.63617,393,11.6,19.6,3.8,15.9,1067,109,20.2,180.2,86,2632,2554,213,273,115,289,174,55,-19.2,42.5,-9999,1106,666,54,8.7,18.2,28.8,20.8,-1.4,4,8.6,4,3.7,11.1,18.7,12.4,470,465,29,236,-9999,10.2,25.2,16.8,79,10,0,5,88,573,1261,688,1284,664,95,557,0,10,163,40,33,75,91,72,30,5,0,20,79,296,508,223,0,100,480,86,65,56,44,50,8.4,9.2,12.3,20.8,21.7,27.6,28.8,30,28,20.6,13.8,11,-0.9,-2.9,1.9,4.9,5.1,7.9,8.7,9.2,6.6,3.2,2.1,0.3,3.8,3.2,7.1,12.8,13.4,17.7,18.8,19.6,17.3,11.9,8,5.6,176,104,324,94,46,10,5,13,34,127,75,58,-9999,13.2,-13.2,22.8,21,27.8,26.1,21.6,21.1,12.4,17,15.6,27,28,9,1,0,0,0,0,0,1,5,16,32,21,82,227,263,381,427,453,369,215,104,57,445,412,340,168,156,49,26,20,60,196,301,381,0,0,0,5,5,42,50,72,40,0,0,0,12,7,21,27,28,29,31,31,28,24,20,16,11,10,5,0,0,0,0,0,0,0,20,9,24,33,56,107,133,169,176,163,120,69,33,21,0,0,0,13,87,159,171,150,86,0,0,0,68,59,66,52,51,45,44,43,41,48,62,69
1990,S36,Deer Creek,42.27411,-123.63617,393,11.5,22,0.3,21.7,1153,188,18.6,117.4,124,2705,2709,319,257,125,291,166,34,-19.2,42.5,-9999,1138,667,53,9.9,19,30,20.3,-0.7,3.3,9.7,3.7,4.6,11.2,19.8,12,558,239,63,269,-9999,19.1,14,16.4,63,7,0,10,136,577,1367,679,1201,654,81,609,0,9,250,59,38,71,91,67,31,1,0,2,84,305,527,222,0,87,465,115,64,52,44,51,8.2,10.5,16,20.2,20.8,26.5,32.8,30.8,29.2,20.3,11.4,5.1,-0.6,-1.8,1.3,4.4,4.2,7.5,11.3,10.3,8,2.5,0.7,-4.4,3.8,4.3,8.6,12.3,12.5,17,22,20.5,18.6,11.4,6,0.3,291,210,91,33,115,20,11,32,9,121,139,81,-9999,16.3,23.9,22,11.6,14.9,20.5,6.8,19.1,14.1,16,13.4,27,21,6,1,0,0,0,0,0,1,9,60,37,38,124,216,237,358,527,481,408,203,68,8,442,379,292,181,181,62,6,14,41,207,360,545,0,0,0,5,4,31,126,93,59,0,0,0,13,9,19,26,26,29,31,31,29,22,16,5,18,11,1,0,1,0,0,0,0,0,2,1,23,36,71,105,129,163,199,166,124,69,30,25,0,0,0,73,14,143,188,134,115,0,0,0,70,58,54,52,50,46,42,44,42,47,65,65
1991,S36,Deer Creek,42.27411,-123.63617,393,12.1,21.7,4.4,17.3,1123,117,19.7,185.8,68,2770,2493,329,273,135,301,165,42,-19.2,42.5,-9999,1134,690,52,10.5,16,29.7,23.2,-0.9,1.5,8.9,5.3,4.8,8.7,19.3,14.2,374,458,44,224,-9999,13.5,23.4,19.8,86,16,0,5,173,386,1321,854,1199,863,110,447,0,0,234,95,38,57,90,78,23,12,0,7,91,271,526,247,0,51,482,157,62,54,43,49,10.9,15.5,12.4,16,19.5,25.2,32.7,31.3,31.6,24.3,13.6,8.7,-1.2,2.8,-0.7,1.5,3.6,6,10.8,10.1,8.3,4.9,2.7,0.1,4.8,9.2,5.9,8.8,11.5,15.6,21.7,20.7,19.9,14.6,8.2,4.4,137,157,292,95,72,14,18,11,1,57,166,103,-9999,13.5,12.7,12.4,15.5,32.5,24.7,12.8,29.1,21.1,9.2,7.6,20,6,13,3,0,0,0,0,0,0,4,21,47,121,60,121,206,318,518,486,447,298,109,40,411,243,379,278,207,91,7,13,28,123,296,418,0,0,0,0,0,18,120,97,85,10,0,0,12,21,13,19,25,29,31,31,29,27,22,15,6,1,10,2,1,0,0,0,0,0,6,17,29,44,60,89,122,157,199,169,135,80,32,18,0,0,0,0,51,143,181,158,134,23,0,0,60,60,57,55,52,45,41,42,38,44,64,67
1992,S36,Deer Creek,42.27411,-123.63617,393,13.1,22,2.2,19.8,1282,86,18,256.5,73,3150,2186,396,291,97,291,194,14,-19.2,42.5,-9999,1211,750,52,11.3,22.1,31.2,21.2,1,5.3,10.3,4,6.2,13.7,20.7,12.6,411,242,56,277,-9999,21.4,18.2,8.5,46,4,0,7,210,794,1448,722,1070,458,46,544,0,51,297,48,52,81,92,72,10,0,0,3,90,348,545,228,0,150,488,112,66,51,43,50,10.3,14.9,18.2,19.9,28,28.5,31.3,33.6,28.6,22.2,12.8,6.3,0.6,2.4,3.2,4.8,8,9.5,11,10.4,6.5,4.3,1.2,-1.8,5.4,8.6,10.7,12.3,18,19,21.2,22,17.6,13.3,7,2.2,141,167,85,138,19,41,14,1,11,136,129,400,-9999,10,28.8,1.1,34.3,12.9,12.7,29.2,10.2,8.3,7,4.4,17,7,3,1,0,0,0,0,0,0,7,38,58,110,175,215,403,420,501,526,377,258,86,19,393,259,228,181,49,31,9,7,56,159,330,486,0,0,1,4,46,64,107,126,43,5,0,0,17,20,24,26,30,30,31,31,28,26,18,10,5,1,0,0,0,0,0,0,0,0,3,4,26,43,77,103,168,172,189,183,123,73,32,21,0,0,0,0,150,131,175,182,112,0,0,0,68,60,54,54,44,47,45,39,40,47,62,71
1993,S36,Deer Creek,42.27411,-123.63617,393,11.4,20,2.8,17.2,1299,201,16.5,99.4,96,2620,2617,225,266,112,295,183,77,-19.2,42.5,-9999,1096,602,54,8.1,17.8,28.3,21.7,-1.7,3.9,8.4,3.8,3.2,10.8,18.4,12.7,806,480,72,106,-9999,-8.9,18.6,17.2,92,7,0,11,78,551,1230,743,1330,675,116,553,0,9,151,65,30,74,91,68,69,3,0,4,77,285,499,235,0,4,426,172,66,57,45,48,7.3,10.8,15.5,16,21.8,25.8,28.5,30.5,29.8,22.9,12.4,8.9,-1.8,-1.4,2.7,2.5,6.6,7.5,8.3,9.5,7.3,5,-1,-0.8,2.8,4.7,9.1,9.2,14.2,16.7,18.4,20,18.5,13.9,5.7,4,224,182,168,184,128,37,14,21,1,29,75,236,-9999,20.1,8.9,-20.6,-14.8,15.4,18.8,21.6,26.9,6.4,18.3,3.6,35,19,5,2,0,0,0,0,0,0,10,24,22,39,131,132,288,350,416,464,406,278,59,35,475,369,278,264,133,68,30,18,42,141,370,430,0,0,0,0,9,28,44,79,58,6,0,0,10,10,23,22,29,29,31,31,28,27,12,13,21,8,1,2,0,0,0,0,0,0,4,41,22,36,67,87,131,158,175,165,127,75,32,18,0,0,0,0,4,121,161,144,126,46,0,0,68,59,59,57,54,48,44,43,39,48,56,71
1994,S36,Deer Creek,42.27411,-123.63617,393,11.9,22.5,3.2,19.3,1177,86,18.6,260.8,93,2806,2549,344,266,111,294,183,27,-19.2,42.5,-9999,1167,772,53,10.2,20,30.7,19.3,-0.2,3.8,9.3,3,5,11.9,20,11.2,588,178,14,466,-9999,12.2,25.5,12.6,56,6,0,25,148,638,1382,648,1166,590,78,691,0,16,264,64,42,73,91,61,22,1,0,4,85,319,544,219,0,143,530,99,65,51,42,51,10.6,11.2,17.4,18.8,23.8,26.7,33.8,31.7,29.4,20.6,7.9,7.4,0.6,-0.3,1.5,3.4,6.4,7.5,11.2,9.2,8.3,2.4,-1.7,-1,5.6,5.4,9.5,11.1,15.1,17.1,22.5,20.4,18.8,11.5,3.1,3.2,173,179,78,54,47,13,1,1,25,70,370,167,-9999,-3.5,21.9,12,2.8,22.6,26.8,27.1,17.3,15.3,5.1,-1.3,17,16,5,1,0,0,0,0,0,1,25,29,61,51,142,182,314,362,542,478,415,206,26,27,388,348,267,213,110,60,5,14,39,204,448,455,0,0,0,1,15,33,141,90,64,0,0,0,17,13,20,24,29,29,31,31,29,22,10,12,5,6,0,0,0,0,0,0,0,0,4,11,27,36,76,99,144,164,206,173,124,70,25,22,0,0,0,46,97,152,206,172,99,0,0,0,67,62,51,53,49,46,40,40,42,46,66,67
1995,S36,Deer Creek,42.27411,-123.63617,393,12.5,20.8,5.6,15.2,2007,138,11.2,150.7,50,2845,2276,265,301,109,306,197,84,-19.2,42.5,-9999,1121,668,55,10.8,17.9,29,21.9,1.4,3.1,8.8,5.5,6.1,10.5,18.9,13.7,821,591,70,219,-9999,16.9,12.6,11.3,51,10,0,3,207,524,1280,797,1078,709,104,468,0,9,191,65,55,68,91,79,28,6,0,50,87,294,511,229,0,85,440,143,69,54,44,52,9.1,15.8,14.1,17.1,22.7,25.4,30.8,30.7,29.3,21.8,14.5,9.6,2.1,3.1,1.1,2,6,7.5,10.7,8.2,8.6,3.3,4.7,2.2,5.6,9.5,7.6,9.5,14.4,16.5,20.8,19.5,18.9,12.6,9.6,5.9,530,124,358,180,52,50,17,3,16,38,165,474,-9999,17.5,13.9,12.5,24.2,6.3,4,27.5,18.3,13.3,2.2,-5.1,17,5,8,2,0,0,0,0,0,0,3,14,57,125,92,139,293,343,488,449,418,237,142,62,388,235,325,256,129,72,11,22,38,178,252,372,0,0,0,0,9,25,97,69,65,0,0,0,21,22,18,20,29,29,31,31,29,24,26,21,17,1,4,2,0,0,0,0,0,0,50,11,23,45,64,93,138,155,186,169,123,73,33,20,0,0,0,0,85,105,169,166,108,35,0,0,76,60,58,53,51,48,45,40,43,46,68,71
1996,S36,Deer Creek,42.27411,-123.63617,393,12.4,22.9,4.7,18.2,2497,161,9,142.3,61,2858,2413,354,289,122,286,164,37,-19.2,42.5,-9999,1159,647,54,10.5,18.7,31.7,20.2,1.8,3,10,4.2,6.1,10.8,20.8,12.2,1238,450,17,503,-9999,9.7,31.9,9.1,44,7,0,6,202,545,1457,673,1068,678,61,569,0,4,319,31,58,69,91,74,33,2,0,2,83,302,558,216,0,24,542,81,71,52,42,53,8.5,13.4,16.4,18.3,21.3,27.6,33.7,33.7,27.1,20.5,13,8.5,1,2.2,1.3,3.3,4.4,7.6,12.1,10.2,6,3.6,2.8,0.9,4.7,7.8,8.8,10.8,12.9,17.6,22.9,22,16.6,12.1,7.9,4.7,460,303,164,178,108,9,6,2,36,151,317,763,-9999,4.8,25.9,-4.9,8,39.1,24,32.6,14,6.3,7.1,-4.4,21,8,5,1,0,0,0,0,0,1,5,20,46,92,125,173,247,378,553,526,347,222,103,45,414,282,286,221,171,50,4,7,74,190,304,409,0,0,0,0,4,40,152,127,31,0,0,0,18,19,19,24,27,29,31,31,27,25,22,18,20,3,1,1,1,0,0,0,0,0,2,10,23,40,72,97,132,170,203,184,117,68,31,21,0,0,0,0,24,161,198,183,81,0,0,0,74,63,53,54,50,44,43,38,41,49,67,75
1997,S36,Deer Creek,42.27411,-123.63617,393,11.9,22.7,2.8,19.9,2229,138,9.8,164.1,84,2761,2619,388,279,123,295,172,48,-19.2,42.5,-9999,1118,664,56,9,16.9,31.3,20.2,0.6,3.1,10.3,4.3,4.8,10,20.8,12.3,1079,425,15,630,-9999,1.8,30.8,11,59,8,0,9,141,479,1455,697,1182,744,64,596,0,0,319,68,49,70,91,72,40,4,0,4,75,273,547,222,0,9,533,122,71,57,43,53,9.2,9.6,14.7,18,18,26.7,33.3,33.8,30.1,20,10.5,7.1,2,0.5,1.7,2.7,5,8.1,12.1,10.8,8.1,2.8,2,-1.5,5.6,5,8.2,10.4,11.5,17.4,22.7,22.3,19.1,11.4,6.2,2.8,483,458,220,87,118,13,1,1,6,98,526,219,-9999,1.8,1.3,16.2,-12.1,32,23.7,36.6,22.6,10.5,-0.2,3.8,17,17,7,2,0,0,0,0,0,1,9,33,61,46,111,162,206,372,547,536,423,203,71,23,388,359,306,231,207,54,4,6,36,207,353,469,0,0,0,0,0,37,147,136,68,0,0,0,21,15,20,22,28,30,31,31,29,23,20,11,15,18,2,1,1,0,0,0,0,0,4,7,23,32,66,97,111,163,201,184,128,68,27,21,0,0,0,9,0,150,200,183,122,0,0,0,75,69,58,53,59,47,43,39,40,48,71,70
1998,S36,Deer Creek,42.27411,-123.63617,393,11.9,22.7,2.8,19.9,2229,138,9.8,164.1,84,2761,2619,388,279,123,295,172,48,-19.2,42.5,-9999,1118,664,56,9,16.9,31.3,20.2,0.6,3.1,10.3,4.3,4.8,10,20.8,12.3,1079,425,15,630,-9999,1.8,30.8,11,59,8,0,9,141,479,1455,697,1182,744,64,596,0,0,319,68,49,70,91,72,40,4,0,4,75,273,547,222,0,9,533,122,71,57,43,53,9.2,9.6,14.7,18,18,26.7,33.3,33.8,30.1,20,10.5,7.1,2,0.5,1.7,2.7,5,8.1,12.1,10.8,8.1,2.8,2,-1.5,5.6,5,8.2,10.4,11.5,17.4,22.7,22.3,19.1,11.4,6.2,2.8,483,458,220,87,118,13,1,1,6,98,526,219,-9999,1.8,1.3,16.2,-12.1,32,23.7,36.6,22.6,10.5,-0.2,3.8,17,17,7,2,0,0,0,0,0,1,9,33,61,46,111,162,206,372,547,536,423,203,71,23,388,359,306,231,207,54,4,6,36,207,353,469,0,0,0,0,0,37,147,136,68,0,0,0,21,15,20,22,28,30,31,31,29,23,20,11,15,18,2,1,1,0,0,0,0,0,4,7,23,32,66,97,111,163,201,184,128,68,27,21,0,0,0,9,0,150,200,183,122,0,0,0,75,69,58,53,59,47,43,39,40,48,71,70
1999,S36,Deer Creek,42.27411,-123.63617,393,11.8,20.4,4.8,15.7,1618,71,13.5,288.1,79,2684,2553,277,274,133,296,164,88,-19.2,42.5,-9999,1120,754,54,8.4,17.2,29.3,22.5,-0.6,1.9,8.9,5.3,3.9,9.5,19.1,13.9,1033,281,27,374,-9999,16.8,18.5,17.2,75,14,0,4,97,448,1299,817,1265,795,97,458,0,3,203,72,38,60,91,79,60,5,0,22,75,289,518,239,0,133,491,130,69,53,44,51,9.5,8.8,12.7,17.6,21.2,26.3,31.2,30.5,30.6,23.3,13.6,8.9,0,-0.4,0,1.5,4.1,6.9,9.4,10.4,7.5,4.1,4.1,0.6,4.8,4.2,6.3,9.5,12.7,16.6,20.3,20.4,19,13.7,8.9,4.8,300,514,186,52,43,2,2,24,1,112,262,122,-9999,-12.6,9.1,32.8,8.6,16.9,33,5.6,33.8,19.3,-1.7,9.6,21,22,11,2,0,0,0,0,0,0,3,20,45,31,67,139,242,347,474,478,421,272,124,44,414,383,364,255,176,69,13,14,36,147,275,407,0,0,0,0,3,27,85,90,67,5,0,0,15,12,15,19,26,29,31,31,29,26,25,17,13,30,5,1,0,0,0,0,0,0,22,18,25,31,60,96,132,163,191,164,131,77,31,19,0,0,0,44,89,161,190,140,130,0,0,0,68,69,59,50,49,45,41,45,38,45,69,70
2000,S36,Deer Creek,42.27411,-123.63617,393,12.1,20.8,3.8,17,1366,102,16.2,202.9,73,2782,2463,305,280,115,293,178,42,-19.2,42.5,-9999,1142,693,54,9.5,18.9,30.7,19.8,0.8,3.2,9.5,3.8,5.2,11.1,20.1,11.8,873,246,33,226,-9999,14.4,26.1,9.5,57,9,0,11,151,567,1387,662,1158,666,54,616,0,10,249,45,50,68,91,69,37,2,0,4,79,306,540,217,0,80,507,106,70,52,42,52,7.8,11.9,14.8,20.2,21.8,29.5,30.4,32,28.2,20.4,10.9,10.2,-0.2,1.9,0,3.8,5.8,9.2,9.8,9.5,7.3,3.7,0.3,1.3,3.8,6.9,7.4,12,13.8,19.4,20.1,20.8,17.7,12.1,5.6,5.8,442,310,88,103,55,18,12,3,14,116,96,110,-9999,-6.8,19,22.2,2,28.5,17.2,32.7,11,7.3,10.3,4.9,27,11,8,1,0,0,0,0,0,1,11,15,33,73,90,203,275,430,468,489,382,222,58,60,443,307,331,190,145,27,14,12,54,190,372,377,0,0,0,3,7,70,80,99,45,0,0,0,14,19,15,25,29,30,31,31,28,25,16,19,27,5,1,0,0,0,0,0,0,0,4,4,22,36,68,106,132,180,185,175,120,68,29,21,0,0,0,3,77,162,174,171,106,0,0,0,72,67,53,51,52,44,44,40,42,50,65,72
2001,S36,Deer Creek,42.27411,-123.63617,393,12.3,21.6,4.2,17.4,1164,91,19.2,236.9,72,2881,2402,343,277,112,297,185,16,-19.2,42.5,-9999,1173,755,53,10.7,19.8,30.1,21.7,0.1,3.4,9.4,4.8,5.4,11.6,19.7,13.2,281,200,40,412,-9999,19.5,16.6,10.4,51,8,0,5,158,622,1356,770,1135,625,86,507,0,32,246,66,44,69,91,76,9,2,0,5,87,324,529,232,0,147,489,119,65,51,43,51,10.2,11.5,16.3,16,27.1,26.2,31.5,32.5,29.8,22.5,12.9,8,-0.4,-0.7,2,1.3,7,7.1,10.3,10.6,7.8,3.9,2.7,0.3,4.9,5.4,9.1,8.7,17,16.7,20.9,21.6,18.8,13.2,7.8,4.2,78,93,95,75,30,25,10,6,20,61,330,341,-9999,15.5,20.6,11.2,26.7,7.7,24.1,18.1,19.9,7.3,4.1,2.9,20,16,5,3,0,0,0,0,0,0,5,23,48,49,131,118,373,349,493,513,413,256,101,37,409,349,278,281,66,68,10,8,40,161,307,426,0,0,0,0,32,28,101,118,62,3,0,0,14,12,21,18,30,29,31,31,29,25,22,16,3,3,0,1,0,0,0,0,0,0,5,2,27,37,71,89,164,162,192,176,127,75,31,23,0,0,0,14,133,137,182,170,106,13,0,0,64,59,55,54,44,46,43,41,40,46,67,70
2002,S36,Deer Creek,42.27411,-123.63617,393,12.5,22.8,3.6,19.1,1543,48,14.6,477.2,69,2928,2387,376,276,126,289,162,45,-19.2,42.5,-9999,1187,862,52,10.1,18.6,31.6,22.6,0.1,2.5,10,4.1,5.1,10.6,20.8,13.3,797,237,11,241,-9999,19.2,26.6,22.7,60,10,0,4,158,534,1455,771,1163,705,52,491,0,6,312,58,45,65,91,72,35,2,0,8,85,305,557,239,0,122,546,194,67,51,42,47,8.1,14.2,14.7,18.8,22.3,28.3,33.9,32.7,29.6,22.8,15.2,8.4,-0.8,0.9,-0.2,3.3,4.6,8.5,11.7,9.7,7.2,2.6,2.6,1.5,3.6,7.5,7.3,11.1,13.4,18.4,22.8,21.2,18.4,12.7,8.9,4.9,266,190,121,85,30,7,3,0,7,1,232,598,-9999,11.7,14.3,25.1,18.2,27.5,19.9,32.3,24,30.2,14.1,2.6,28,9,9,1,0,0,0,0,0,0,3,19,33,87,89,180,264,402,550,503,402,241,129,48,448,289,335,215,155,38,4,10,44,174,273,403,0,0,0,0,6,53,149,110,56,2,0,0,13,16,14,24,27,30,31,31,28,22,22,19,18,2,2,0,0,0,0,0,0,0,8,15,23,42,68,100,138,173,206,179,127,77,36,20,0,0,0,14,108,165,203,178,119,75,0,0,69,58,53,52,48,45,41,39,39,42,60,74
2003,S36,Deer Creek,42.27411,-123.63617,393,12.9,23.3,4.7,18.6,1394,66,16.4,351.5,59,3052,2317,456,294,119,304,185,33,-19.2,42.5,-9999,1175,829,55,11.4,17.4,32.4,21.4,1.9,3.3,10.7,4.9,6.6,10.3,21.6,13.1,919,465,10,209,-9999,3.5,28.9,12.5,38,9,0,11,236,514,1523,783,1018,721,34,534,0,9,362,85,59,71,92,73,24,6,0,3,87,286,569,233,0,102,560,167,69,56,42,52,12.9,12.8,15,14.5,22.8,30.2,34.6,32.4,30.4,23.4,10.4,8,4.2,0,2.4,2.1,5.3,9.3,11.9,10.9,8.6,5.1,0.9,1.3,8.6,6.4,8.7,8.3,14,19.8,23.3,21.7,19.5,14.3,5.7,4.7,197,124,219,208,38,2,1,7,19,20,170,389,-9999,21.5,-4.7,-9.5,24.8,46.9,28.3,11.4,19.3,15.1,3.1,-2.1,7,12,6,3,0,0,0,0,0,0,11,20,122,66,121,109,283,442,565,516,435,289,59,44,296,320,291,293,138,23,3,8,32,132,371,411,0,0,0,0,9,78,164,119,76,9,0,0,26,14,22,21,28,30,31,31,29,27,17,19,2,2,1,5,0,0,0,0,0,0,3,19,28,40,66,80,140,184,211,175,129,77,27,19,0,0,0,0,102,183,210,167,110,57,0,0,71,58,60,60,49,43,40,42,41,47,68,76
2004,S36,Deer Creek,42.27411,-123.63617,393,13,22.7,5.3,17.4,1349,90,17,252.8,56,3043,2240,393,297,109,293,184,39,-19.2,42.5,-9999,1172,760,54,9.5,21.1,31.5,20.1,1.3,4.4,11,4.1,5.4,12.7,21.3,12.1,926,227,24,262,-9999,28.3,22.1,13.1,51,3,0,7,159,702,1496,669,1135,513,44,582,0,17,341,35,54,78,92,72,29,0,0,9,77,331,550,214,0,142,526,92,72,50,44,52,9,11.5,19,21.2,23.1,28.1,33.6,32.9,26.8,20.4,12.9,9.9,1.6,0.9,3.3,4,6,9.5,11.8,11.7,6.9,4,1.3,1.6,5.3,6.2,11.1,12.6,14.5,18.8,22.7,22.3,16.9,12.2,7.1,5.8,249,288,118,66,43,10,1,14,22,172,67,299,-9999,14.5,27.8,35.3,21.8,32.6,24.8,8.8,17,6.4,15.8,6.6,18,13,3,1,0,0,0,0,0,1,6,15,54,61,184,221,297,413,548,535,356,226,86,61,397,326,215,174,125,34,4,6,68,187,327,377,0,0,2,4,11,59,147,135,35,0,0,0,19,16,24,25,29,30,31,31,28,25,18,19,9,6,0,0,0,0,0,0,0,0,9,14,23,36,80,111,140,169,204,176,114,68,32,19,0,0,0,45,97,160,203,163,92,0,0,0,75,65,52,49,50,48,42,43,44,51,62,77
2005,S36,Deer Creek,42.27411,-123.63617,393,12.6,22.9,5,17.9,1632,172,13.8,133.3,56,2919,2341,367,291,105,288,184,16,-19.2,42.5,-9999,1148,618,54,11.6,19.1,30.8,20.1,0.9,4.2,10.4,4.1,6.2,11.6,20.6,12.1,471,484,38,389,-9999,0.5,18.9,7.2,43,5,0,6,206,616,1435,671,1061,602,87,576,0,12,322,33,51,75,91,73,12,2,0,2,92,302,537,216,3,10,499,106,65,54,45,53,9.6,15.2,17.7,17.5,22.2,24.6,33.8,33.8,27.2,20.7,12.4,9,0.4,0.7,2.7,2.7,7.1,7.7,12,11.4,6.2,3.8,2.3,1.5,5,8,10.2,10.1,14.7,16.2,22.9,22.6,16.7,12.2,7.4,5.3,130,42,213,149,122,32,5,1,11,70,307,549,-9999,28.6,11.4,11.2,-21,2.3,21.7,32.7,16,-4.3,9.8,-0.1,20,8,4,2,0,0,0,0,0,1,6,17,50,95,160,154,302,334,555,545,352,227,92,53,406,277,244,237,121,78,4,5,71,187,319,392,0,0,0,0,12,22,155,145,33,0,0,0,16,15,23,22,30,29,31,31,28,25,21,19,5,0,0,1,0,0,0,0,0,0,2,7,25,45,76,94,132,150,205,183,117,69,30,22,0,3,0,0,10,117,200,182,106,0,0,0,69,54,54,54,55,51,42,41,42,49,67,72
2006,S36,Deer Creek,42.27411,-123.63617,393,12.4,22.9,4.5,18.4,1911,104,11.7,220.4,77,2901,2467,404,277,118,288,171,62,-19.2,42.5,-9999,1151,776,55,10.4,17.7,31.3,20.7,0.8,2.9,11,4.3,5.6,10.3,21.1,12.5,1220,402,40,432,-9999,14,24.6,12.9,50,17,0,8,172,535,1485,716,1119,731,40,562,0,17,331,57,50,65,92,73,41,13,0,8,85,297,544,225,0,99,503,174,68,54,45,52,8.2,13.9,11.2,17.7,24.3,28.7,33.4,31.8,29.2,21.9,11.1,9.1,0.9,-0.1,-0.6,3,6.4,10.7,12.5,9.9,7.5,3.2,2.3,0.5,4.5,6.9,5.3,10.3,15.3,19.7,22.9,20.9,18.4,12.6,6.7,4.8,484,186,259,87,56,35,3,2,8,16,408,366,-9999,23.7,6.2,23.6,12.3,15.6,25.4,32.7,27,15.6,-3.9,5.7,22,10,15,2,0,0,0,0,0,0,7,19,44,75,52,161,322,439,555,491,401,237,78,46,420,306,396,232,103,24,4,12,45,178,340,407,0,0,0,0,17,76,154,101,55,2,0,0,17,13,13,23,29,30,31,31,29,24,21,17,23,3,12,1,0,0,0,0,0,0,8,15,22,43,56,95,147,171,200,173,125,73,27,20,0,0,0,7,92,136,197,170,117,57,0,0,75,55,61,54,48,49,44,41,41,45,71,74
2007,S36,Deer Creek,42.27411,-123.63617,393,12,22,2.8,19.1,1416,88,15.6,249.7,84,2806,2481,314,276,114,286,172,46,-19.2,42.5,-9999,1145,719,54,9.8,20.2,30.2,19.8,-0.1,3.8,10,4.1,4.8,12,20.1,11.9,868,199,43,358,-9999,16.6,13.3,10.5,60,5,0,6,140,649,1390,651,1183,577,71,589,0,17,264,34,43,74,91,73,30,1,0,14,83,323,528,211,0,140,486,93,66,51,44,53,9.3,11.1,17.5,18.4,24.6,27.1,31.8,31.8,26.9,18.6,13.8,6.6,-1.7,0.7,2.5,2.9,6.1,7.8,12.1,10,6.6,3.2,2.4,-0.9,3.8,5.9,10,10.7,15.3,17.5,22,20.9,16.8,10.9,8.1,2.8,142,359,92,84,24,15,17,10,22,176,160,314,-9999,-2.6,14.7,6,29,16.6,0.4,22.9,20.1,-4.4,15.8,-1.9,27,14,4,1,0,0,0,0,0,1,5,33,35,58,157,170,322,373,525,491,354,190,108,23,443,334,249,224,104,53,6,12,70,220,299,468,0,0,0,0,17,38,125,101,34,0,0,0,11,15,22,23,29,29,31,31,28,24,21,12,9,9,0,0,0,0,0,0,0,0,14,13,26,35,75,98,149,166,190,172,115,63,33,21,0,0,0,14,126,151,173,162,93,0,0,0,62,65,54,52,47,46,46,41,43,53,63,71
2008,S36,Deer Creek,42.27411,-123.63617,393,11.9,21.7,2.4,19.3,1425,54,15.4,400.1,99,2798,2571,348,264,121,294,174,79,-19.2,42.5,-9999,1155,795,53,8.7,18.1,30.8,21.7,-1,2.2,9.4,5.4,3.8,10.2,20.1,13.5,855,285,16,276,-9999,21,27,15.5,83,13,0,4,109,511,1390,787,1278,742,70,486,0,14,264,70,35,60,91,79,71,5,0,4,80,301,543,230,0,136,527,132,67,52,42,52,6.7,12.9,13.6,16.9,23.7,27.8,32.5,31.9,30.3,21,13.8,7.2,-2,-0.2,-0.2,0.8,6.1,7.1,10.8,10.4,7.9,4,4.2,-1.3,2.4,6.3,6.7,8.8,14.9,17.5,21.7,21.2,19.1,12.5,9,3,410,132,183,65,38,7,1,8,0,66,210,306,-9999,12,12.3,29.2,21.5,38.5,31.7,10.8,28,10.3,8.1,8.6,39,12,10,3,0,0,0,0,0,0,3,31,20,65,78,123,309,373,516,501,422,235,130,25,488,322,352,276,114,53,7,10,36,179,271,463,0,0,0,0,14,38,118,108,68,2,0,0,10,13,14,17,29,29,31,31,29,26,25,11,43,3,4,1,0,0,0,0,0,0,3,25,21,40,64,94,144,172,198,173,129,70,32,18,0,0,0,29,107,166,197,164,128,4,0,0,69,58,56,50,48,42,42,42,40,49,68,74
2009,S36,Deer Creek,42.27411,-123.63617,393,12.3,22.8,3.1,19.7,1098,138,20.3,165.8,76,2879,2474,395,272,117,292,175,37,-19.2,42.5,-9999,1169,749,53,10.2,19,31.2,20.4,0.2,2.9,10.3,4.1,5.2,10.9,20.7,12.2,614,317,40,287,-9999,25.1,23.7,10.4,58,11,0,8,163,575,1450,691,1153,675,57,593,0,20,311,64,45,65,92,70,30,4,0,3,85,313,548,223,0,130,508,111,66,51,43,52,11.4,11.9,13.6,18.6,24.8,27,34.1,32.6,29.9,19.2,12,7.4,1.3,0.5,0.1,2,6.6,9,11.5,10.2,7.9,3.1,1.2,-1.1,6.4,6.2,6.8,10.3,15.7,18,22.8,21.4,18.9,11.2,6.6,3.1,93,215,196,38,82,34,1,5,16,101,171,146,-9999,8.7,18.1,40.5,16.8,16.4,32.7,21.9,21,2.1,8,11.7,14,13,10,2,0,0,0,0,0,1,8,30,75,63,81,161,333,389,552,508,416,197,78,27,364,326,348,233,95,44,4,9,38,213,342,458,0,0,0,0,20,46,152,114,64,0,0,0,19,15,15,20,29,30,31,31,29,24,18,12,2,5,4,0,0,0,0,0,0,0,3,23,28,37,63,100,150,163,208,177,127,65,30,20,0,0,0,62,68,129,207,172,111,0,0,0,67,62,57,49,47,49,40,40,40,51,64,70
2010,S36,Deer Creek,42.27411,-123.63617,393,11.8,22.2,4,18.2,1955,197,11.1,112.6,68,2660,2587,307,281,138,298,160,34,-19.2,42.5,-9999,1098,569,56,10.1,16.6,30.1,19.7,1,1.9,9.7,4.6,5.5,9.2,19.9,12.1,645,526,54,465,-9999,4,22.6,3.3,53,11,0,9,178,417,1372,684,1122,816,88,588,0,0,262,45,51,60,91,73,20,8,0,6,82,276,528,212,0,31,474,64,69,54,44,55,10.4,12.5,14.7,15.5,19.5,25.2,33,32.1,27.2,20.7,11.1,7.3,2.5,1.6,0.7,1.3,3.6,7.7,11.4,10,7.9,4.5,1.3,0.7,6.4,7,7.7,8.4,11.6,16.4,22.2,21,17.6,12.6,6.2,4,303,196,222,212,92,51,1,2,51,152,263,411,-9999,10,12.1,8.2,-8.2,4.5,35.7,27.7,1.7,1.2,7,-3.1,13,10,8,3,0,0,0,0,0,0,9,24,75,77,98,112,207,343,533,496,377,238,68,35,362,303,322,289,205,72,5,11,56,176,355,431,0,0,0,0,0,25,132,105,43,2,0,0,22,18,17,18,25,29,31,31,29,26,18,17,7,3,2,5,1,0,0,0,0,0,6,10,25,38,67,87,123,154,200,174,115,68,28,20,0,0,0,0,31,103,199,172,64,0,0,0,73,64,55,55,52,49,42,41,46,51,67,71