"","Vcmax","Jmax","Rd","Ci.transition","Treatment","Year","Site","Rep","ID","PrePeak","Region"
"1","34.21715465","79.19822337","6.096889056","649.0934318","wet","2014","S02","1","28","peak","South"
"2","61.63470759","117.5342657","-5.073555114","410.7291872","wet","2010","S02","1","1","pre","South"
"3","2.75540885","16.98800271","-5.738136919","1999.999916","wet","2014","S02","1","35","peak","South"
"4","53.00148289","120.7783118","4.755498194","605.8306916","wet","2014","S02","1","29","peak","South"
"5","16.63287679","44.35074556","-7.977798059","993.9484166","wet","2010","S02","1","7","pre","South"
"6","80.42172823","137.9967216","-9.069263276","322.2571882","wet","2010","S02","1","8","pre","South"
"7","65.72316078","141.322696","5.632415841","515.8893286","wet","2014","S02","1","37","peak","South"
"8","69.49027173","149.8136994","2.054825993","512.570204","wet","2010","S02","1","6","pre","South"
"9","69.88468258","157.3098593","-3.875491327","558.829453","dry","2010","S02","1","4","pre","South"
"10","50.70243247","103.1147794","1.688933171","478.8562867","dry","2014","S02","1","28","peak","South"
"11","52.98052451","100.9198499","5.483141845","411.8595985","dry","2014","S02","1","29","peak","South"
"12","41.56601127","99.50572226","-5.288138466","700.7028239","dry","2010","S02","1","6","pre","South"
"13","53.79845263","107.3668969","-3.770595837","448.7816885","dry","2010","S02","1","3","pre","South"
"14","18.10019102","40.29345214","1.362620069","620.7133262","dry","2014","S02","1","34","peak","South"
"15","95.17515024","54.51772323","-11.52828584","44.99256167","dry","2010","S02","1","8","pre","South"
"16","64.00058253","131.4474554","5.6576958","472.6348847","dry","2010","S02","1","7","pre","South"
"17","45.47433499","92.71219028","1.470999246","482.076146","dry","2014","S02","1","37","peak","South"
"18","59.19702398","125.5153971","-5.064575086","511.2975275","dry","2014","S02","1","35","peak","South"
"19","60.00343616","124.058955","-5.01601589","466.4845923","dry","2014","S02","1","36","peak","South"
"20","13.92961057","32.11248165","1.309056038","678.6049486","dry","2014","S02","1","31","peak","South"
"21","47.94632373","93.58285206","4.5382759","443.4221759","dry","2010","S02","1","5","pre","South"
"22","77.8630235","118.2172836","3.130121613","256.8125212","wet","2014","S07","1","54","peak","South"
"23","43.53253583","90.062765","7.628324058","505.3835138","wet","2014","S07","1","57","peak","South"
"24","115.2372352","116.8352313","-10.72864831","108.5007027","wet","2014","S07","1","51","peak","South"
"25","62.02019306","90.54566852","-15.11026412","244.4744368","wet","2010","S07","1","41","pre","South"
"26","58.86533672","118.1493289","5.130265848","457.6323601","wet","2010","S07","1","40","pre","South"
"27","-0.06818964","22.37178175","-14.1777763","45.01801115","wet","2014","S07","1","52","peak","South"
"28","56.17244604","94.32222406","-8.174230437","324.2714368","wet","2010","S07","1","38B","pre","South"
"29","53.37399841","114.6849992","11.56337488","534.0723823","wet","2014","S07","1","49","peak","South"
"30","66.10808992","107.8358529","-12.87781059","301.0004564","wet","2010","S07","1","38A","pre","South"
"31","58.57195443","111.4154579","-5.523434601","411.5623464","dry","2010","S07","1","41","pre","South"
"32","50.12325258","80.14524198","-3.91082084","297.2001249","dry","2014","S07","1","57","peak","South"
"33","48.18312539","91.88136803","3.819878421","422.9788161","dry","2010","S07","1","39B","pre","South"
"34","60.95062389","102.4325666","-5.380001313","316.7198187","dry","2014","S07","1","55","peak","South"
"35","64.01988305","127.7543533","-4.625342365","446.756308","dry","2014","S07","1","52","peak","South"
"36","64.33954531","115.202226","-5.444823842","361.507936","dry","2014","S07","1","54","peak","South"
"37","48.25906189","94.14138566","1.41069574","443.0419606","dry","2010","S07","1","38B","pre","South"
"38","52.98987101","111.2630466","-3.035477536","509.3593589","wet","2010","S11","1","124","pre","South"
"39","71.30762635","125.8624332","6.844625763","342.2211136","wet","2016","S11","1","146A","peak","South"
"40","102.1799217","160.7528627","3.039132757","261.7459705","wet","2010","S11","1","123","pre","South"
"41","70.40550002","124.1540129","-8.112543457","346.5256727","wet","2010","S11","1","119","pre","South"
"42","92.93203255","145.3453167","2.005970204","263.8823417","wet","2010","S11","1","120","pre","South"
"43","16.59285108","32.4876819","-1.610351862","472.3982155","wet","2016","S11","1","147A","peak","South"
"44","33.04841315","68.06014656","4.339407619","512.6476155","dry","2016","S11","1","147A","peak","South"
"45","44.44088296","92.35623065","5.331297421","509.0390775","dry","2016","S11","1","145A","peak","South"
"46","51.20640802","101.5201804","5.992392315","455.0817725","dry","2016","S11","1","145B","peak","South"
"47","66.65342626","134.0412198","-3.82118118","440.6452578","dry","2016","S11","1","146A","peak","South"
"48","61.65038579","131.8856938","-4.712808944","517.2396155","dry","2010","S11","1","123","pre","South"
"49","71.07673763","135.5849634","1.871164679","401.8052395","dry","2016","S11","1","146B","peak","South"
"50","60.81276764","117.0469702","-5.2446289","419.3595412","dry","2010","S11","1","121","pre","South"
"51","68.83449505","132.4417467","-4.6233454","396.6947344","dry","2016","S11","1","147B","peak","South"
"52","62.31112242","112.7517168","1.713035308","370.3362506","wet","2010","S15","1","149","pre","North"
"53","53.26019554","115.5501467","1.451817698","544.7659187","wet","2010","S15","1","148","pre","North"
"54","54.63665014","97.65743298","4.018984656","366.9731714","wet","2015","S15","1","172","peak","North"
"55","40.88035658","88.54223126","-3.444630398","560.3006805","wet","2010","S15","1","152","pre","North"
"56","90.95838625","158.9070362","2.5706972","324.9389005","wet","2015","S15","1","167","peak","North"
"57","74.02201618","139.5680219","-5.909829663","390.7576184","wet","2010","S15","1","155","pre","North"
"58","98.58189542","149.4273635","1.792200631","246.1679539","wet","2015","S15","1","170","peak","North"
"59","82.12678391","160.5072476","2.026343629","409.1238048","wet","2010","S15","1","153","pre","North"
"60","71.35692195","140.1869257","1.963397618","425.4003417","wet","2015","S15","1","164","peak","North"
"61","71.84163403","130.6593038","2.833851567","366.1215346","wet","2015","S15","1","166","peak","North"
"62","47.01988539","108.3954138","1.918184038","621.8375499","dry","2015","S15","1","164","peak","North"
"63","65.99287529","110.7634348","3.648149285","317.5538464","dry","2010","S15","1","153","pre","North"
"64","75.22604774","137.5388969","2.614025426","367.1232983","dry","2015","S15","1","170","peak","North"
"65","60.97013293","111.0842324","1.930800752","376.101118","dry","2015","S15","1","166","peak","North"
"66","67.02503061","113.4212471","5.121426315","322.0398198","dry","2015","S15","1","172","peak","North"
"67","78.80178476","156.1826072","-4.632307952","424.1676862","dry","2010","S15","1","148","pre","North"
"68","44.53884777","84.86970199","4.881008354","420.0017721","dry","2010","S15","1","155","pre","North"
"69","69.90724087","137.8388382","5.706797073","423.4991382","dry","2015","S15","1","169","peak","North"
"70","55.95153674","93.04007984","3.52994793","317.7279309","dry","2010","S15","1","154","pre","North"
"71","56.05504685","111.3218435","-5.314341703","451.4813732","dry","2010","S15","1","152","pre","North"
"72","60.95762468","112.7047439","-4.205519785","387.0333761","dry","2015","S15","1","167","peak","North"
"73","55.39282925","116.2652615","5.579064037","505.2521835","wet","2016","S16","1","213","peak","North"
"74","80.87885568","163.5608357","-4.172327811","437.3751731","wet","2010","S16","1","185","pre","North"
"75","42.1318489","93.43113069","5.510864947","577.6100957","wet","2010","S16","1","190","pre","North"
"76","71.68191242","115.5949926","4.754085298","287.7227201","wet","2010","S16","1","186","pre","North"
"77","39.73190598","103.7190994","-7.725988023","847.8397775","wet","2016","S16","1","218","peak","North"
"78","44.71381215","75.87614225","-5.743873251","337.1925448","wet","2016","S16","1","216","peak","North"
"79","77.36975021","158.9027074","5.509130538","455.6979694","wet","2010","S16","1","187","pre","North"
"80","61.92853891","101.3237401","-14.58793682","305.0488904","wet","2010","S16","1","184","pre","North"
"81","28.15148081","49.12314103","-1.760905867","366.5167341","wet","2010","S16","1","189","pre","North"
"82","68.43918839","137.1002009","-3.383470372","435.1535349","dry","2010","S16","1","185","pre","North"
"83","82.96288453","155.2728304","-4.952706683","376.4896709","dry","2010","S16","1","189","pre","North"
"84","53.76742118","111.1825397","-3.494817173","481.7766848","dry","2010","S16","1","187","pre","North"
"85","54.85704319","113.6702813","-2.956161598","492.9818898","dry","2016","S16","1","211","peak","North"
"86","54.62643586","109.0207497","-4.273581715","440.8590354","dry","2016","S16","1","213","peak","North"
"87","58.01910555","124.4612427","-4.411292063","525.7309944","dry","2010","S16","1","186","pre","North"
"88","78.00332947","133.408021","1.921556889","317.8654061","dry","2016","S16","1","219","peak","North"
"89","48.49067595","100.5766892","1.817155342","501.9547761","dry","2016","S16","1","218","peak","North"
"90","39.51843405","72.02249566","-8.275406772","393.0120212","dry","2010","S16","1","183","pre","North"
"91","52.39316549","106.7376585","-3.605073545","479.1203794","dry","2010","S16","1","184","pre","North"
"92","55.75808742","99.83958322","-5.163814851","367.6700722","wet","2011","S36","1","343","pre","North"
"93","59.53075218","121.1031911","-4.894338687","452.3575054","wet","2011","S36","1","344","pre","North"
"94","53.05781948","121.800036","-3.965051566","615.5029841","wet","2015","S36","1","375","peak","North"
"95","56.05371279","107.3788366","1.907565539","419.3685374","wet","2011","S36","1","345","pre","North"
"96","69.69606556","140.3388826","-4.850414407","448.3843401","wet","2011","S36","1","346","pre","North"
"97","66.77181391","127.198729","4.969199244","404.9055033","wet","2015","S36","1","373","peak","North"
"98","21.60371581","28.63693933","-2.415675662","212.6004218","wet","2011","S36","1","348","pre","North"
"99","49.33365368","91.19134072","-11.49842486","396.8598218","wet","2011","S36","1","342","pre","North"
"100","31.33693502","47.47767064","-1.994039131","274.7379078","wet","2015","S36","1","376","peak","North"
"101","64.92103122","123.2863851","-3.52818397","404.275687","dry","2015","S36","1","376","peak","North"
"102","64.2221527","121.2094913","-4.249455116","392.5492117","dry","2011","S36","1","349","pre","North"
"103","62.01287209","130.2614928","-3.463230453","497.2125857","dry","2011","S36","1","346","pre","North"
"104","89.41296692","173.8834908","1.8163932","397.0378359","dry","2015","S36","1","371","peak","North"
"105","53.249238","108.4042276","1.824260096","477.6899856","dry","2011","S36","1","343","pre","North"
"106","67.0666978","124.2435067","1.42928266","379.6850587","dry","2015","S36","1","373","peak","North"
"107","63.5947378","125.6423334","5.013921108","438.2444773","dry","2015","S36","1","374","peak","North"
"108","70.5671807","136.7023686","-4.311651474","406.4673056","dry","2011","S36","1","342","pre","North"
"109","98.38869399","192.4562285","2.253899605","385.7396969","dry","2015","S36","1","372","peak","North"
"110","68.10594141","122.124507","2.389475748","358.9279571","dry","2011","S36","1","344","pre","North"
"111","46.85879992","91.95890919","-7.093548079","434.5999021","dry","2015","S36","1","375","peak","North"
"112","65.12044298","95.77870128","1.979000428","245.9990433","dry","2011","S36","1","348","pre","North"
"113","57.29945155","117.3721251","0.820308493","478.7382144","wet","2010","S02","2","1","pre","South"
"114","55.07302407","105.8311127","-1.885864486","422.5292436","dry","2010","S02","2","3","pre","South"
"115","44.5697525","95.01812961","0.295604293","537.3468725","wet","2010","S02","2","3","pre","South"
"116","66.0793829","128.7083045","-0.718952631","424.1954335","wet","2010","S02","2","4","pre","South"
"117","53.59474755","115.1976202","-0.53311813","534.2097475","wet","2010","S02","2","5","pre","South"
"118","56.10582356","117.2866786","0.963434426","501.316925","dry","2010","S02","2","6","pre","South"
"119","51.24767168","110.6933455","1.293475504","543.039415","wet","2010","S02","2","6","pre","South"
"120","49.0939208","108.9709395","-1.284255909","578.9337163","dry","2010","S02","2","7","pre","South"
"121","78.0723446","117.2036515","-2.107990852","251.3234366","wet","2010","S02","2","7","pre","South"
"122","66.54509769","135.5613527","1.245443576","461.8439779","dry","2010","S02","2","8","pre","South"
"123","60.39961062","131.8863589","1.012649158","540.9851749","wet","2010","S02","2","8","pre","South"
"124","52.14994031","111.4315224","0.534919705","529.4391621","dry","2014","S02","2","28","peak","South"
"125","41.61600298","92.36495651","0.868214531","590.4168608","wet","2014","S02","2","28","peak","South"
"126","37.87158019","95.03482318","-0.817149694","789.5124472","dry","2014","S02","2","29","peak","South"
"127","48.6900724","102.1667717","0.913725101","514.094118","wet","2014","S02","2","29","peak","South"
"128","51.1445583","106.0360326","-0.304105182","498.4860517","wet","2014","S02","2","30","peak","South"
"129","66.33418522","136.4379058","1.628942246","471.353054","dry","2014","S02","2","32","peak","South"
"130","42.93595305","98.1219672","0.235368356","627.0056908","wet","2014","S02","2","32","peak","South"
"131","60.32750977","116.1808918","0.841064838","420.0264919","dry","2014","S02","2","35","peak","South"
"132","52.61297488","107.1239998","-0.07655425","478.5870988","wet","2014","S02","2","35","peak","South"
"133","65.13889378","120.1415434","-1.229514616","382.4244978","dry","2014","S02","2","36","peak","South"
"134","87.49750719","130.3085434","-2.370692118","243.5980017","wet","2014","S02","2","36","peak","South"
"135","51.81204992","101.8799764","0.953138598","446.7652817","dry","2014","S02","2","37","peak","South"
"136","48.15431276","98.86381974","0.395493897","492.4248966","wet","2014","S02","2","37","peak","South"
"137","64.89435917","147.008757","-0.82275034","577.0149127","dry","2010","S07","2","38a","pre","South"
"138","94.94438207","131.6923981","-1.744178313","210.133419","wet","2010","S07","2","38a","pre","South"
"139","61.74519975","125.6279859","-2.603224826","467.2865722","dry","2010","S07","2","38b","pre","South"
"140","64.79655121","143.5541363","1.032428735","550.6144333","wet","2010","S07","2","38b","pre","South"
"141","69.65621262","152.7485242","1.530170853","530.8482685","dry","2010","S07","2","39a","pre","South"
"142","46.03745785","102.7112692","0.018285809","590.6028402","wet","2010","S07","2","39a","pre","South"
"143","63.45652274","118.494861","2.215446848","392.9679681","wet","2010","S07","2","39b","pre","South"
"144","59.48482918","129.5210107","-1.460306229","539.3777854","dry","2010","S07","2","40","pre","South"
"145","37.2466439","130.1566496","2.540255002","1999.999893","wet","2010","S07","2","40","pre","South"
"146","55.17622252","109.4744325","-1.605271737","450.5510896","dry","2010","S07","2","41","pre","South"
"147","53.75952596","112.4299246","-0.886659182","504.0215172","wet","2010","S07","2","41","pre","South"
"148","60.34637501","126.3401152","0.269882948","496.1002658","wet","2014","S07","2","49","peak","South"
"149","63.16742682","122.5513655","-2.204271097","423.3344248","dry","2014","S07","2","51","peak","South"
"150","49.83200694","109.5027538","-0.635047892","565.644063","wet","2014","S07","2","51","peak","South"
"151","73.35917655","146.1239255","0.560852526","433.9797205","dry","2014","S07","2","52","peak","South"
"152","61.40428808","124.5840119","1.011223301","464.6109044","wet","2014","S07","2","52","peak","South"
"153","62.38999908","124.3019101","0.743874019","446.8615899","dry","2014","S07","2","54","peak","South"
"154","44.33680301","100.2835471","0.632387323","611.0814186","wet","2014","S07","2","54","peak","South"
"155","65.04326378","101.3642376","-2.157586257","276.0550635","dry","2014","S07","2","55","peak","South"
"156","38.7519479","89.05359377","0.76211791","643.3517151","wet","2014","S07","2","55","peak","South"
"157","70.55085904","115.8990313","-1.589002606","302.365557","dry","2014","S07","2","57","peak","South"
"158","49.25078536","91.81725774","0.55616113","403.4290245","wet","2014","S07","2","57","peak","South"
"159","68.92694112","128.6158968","-2.447728929","387.2654293","dry","2010","S11","2","119","pre","South"
"160","58.90566878","120.3925175","-1.228037056","474.4185944","wet","2010","S11","2","119","pre","South"
"161","77.90289842","127.8955836","0.356466057","297.7251629","dry","2010","S11","2","120","pre","South"
"162","75.39987702","158.1731875","0.441691817","477.6647759","wet","2010","S11","2","120","pre","South"
"163","53.20371332","97.40854358","-3.419682764","386.3454465","dry","2010","S11","2","121","pre","South"
"164","66.51481278","132.5197496","-0.83828251","442.1486418","wet","2010","S11","2","121","pre","South"
"165","63.72372778","119.8180873","1.433488816","398.2227293","dry","2010","S11","2","122","pre","South"
"166","68.34191461","128.3271592","2.110454922","392.3851305","wet","2010","S11","2","122","pre","South"
"167","59.67985011","129.1847006","0.729908953","532.5162968","dry","2010","S11","2","123","pre","South"
"168","86.44392549","136.1784587","-0.001377815","270.794588","wet","2010","S11","2","123","pre","South"
"169","57.7847839","109.1728626","0.454485465","406.9157469","dry","2010","S11","2","124","pre","South"
"170","61.39710874","123.7666669","1.076271257","457.011883","wet","2010","S11","2","124","pre","South"
"171","55.63044178","116.0185624","-0.819131423","499.0306002","dry","2010","S11","2","125","pre","South"
"172","424.4687601","113.2184428","-5.249473979","44.97525254","wet","2010","S11","2","125","pre","South"
"173","66.1718721","129.311638","0.557159362","426.6093192","dry","2016","S11","2","144","peak","South"
"174","61.19965434","131.201665","0.832506984","520.4411763","wet","2016","S11","2","144","peak","South"
"175","54.81248445","108.2910217","0.192573683","448.1663045","dry","2016","S11","2","145a","peak","South"
"176","76.92738336","121.5990627","-0.437300461","277.5764208","wet","2016","S11","2","145a","peak","South"
"177","73.61978454","114.4198883","-0.432123108","270.4862591","dry","2016","S11","2","145b","peak","South"
"178","62.63974323","117.5041015","0.369945195","396.5186011","wet","2016","S11","2","145b","peak","South"
"179","63.6869211","125.4005269","-1.103008053","435.570039","dry","2016","S11","2","146a","peak","South"
"180","64.92726824","138.6192847","-1.043456953","511.6002392","wet","2016","S11","2","146a","peak","South"
"181","53.99332047","105.8870942","-0.689325207","442.0161392","dry","2016","S11","2","146b","peak","South"
"182","69.05983156","134.8150879","0.695789938","421.9936808","wet","2016","S11","2","146b","peak","South"
"183","79.97598048","127.7895317","1.433006823","281.7605897","dry","2016","S11","2","147a","peak","South"
"184","67.69207761","126.6040221","2.042073829","389.4975235","wet","2016","S11","2","147a","peak","South"
"185","63.01080321","97.21841006","-2.370149864","271.5696193","dry","2016","S11","2","147b","peak","South"
"186","64.93130607","124.1040538","-1.708132662","409.2349157","wet","2016","S11","2","147b","peak","South"
"187","38.25073266","83.82408895","-1.46162511","578.0614809","dry","2010","S15","2","148","pre","North"
"188","53.66800382","110.5460415","0.532208857","488.7213266","wet","2010","S15","2","148","pre","North"
"189","38.18699284","87.2894457","1.342374356","635.1609935","dry","2010","S15","2","149","pre","North"
"190","74.57866308","121.1090004","-1.65928775","293.1849793","wet","2010","S15","2","149","pre","North"
"191","45.6576875","96.46943233","1.071819409","525.1770036","dry","2010","S15","2","152","pre","North"
"192","71.80281302","145.05036","0.74075578","448.6564042","wet","2010","S15","2","152","pre","North"
"193","53.67672558","107.8822423","0.761527628","464.7569724","dry","2010","S15","2","153","pre","North"
"194","65.28469035","132.6365364","0.631252552","461.4994504","wet","2010","S15","2","153","pre","North"
"195","49.72492486","108.700696","-1.909863021","558.3255661","dry","2010","S15","2","154","pre","North"
"196","37.47660375","74.85445767","0.141489609","476.2758929","wet","2010","S15","2","154","pre","North"
"197","69.85830975","139.4488295","0.024809416","440.5052895","dry","2010","S15","2","155","pre","North"
"198","56.69049095","140.1775866","2.689714107","716.486098","wet","2010","S15","2","155","pre","North"
"199","64.01278285","129.9454774","-1.397322168","461.8955422","dry","2015","S15","2","164","peak","North"
"200","54.22843476","111.1748959","0.889902053","483.3649694","wet","2015","S15","2","164","peak","North"
"201","47.5241465","93.70700434","-2.672089797","453.7488043","dry","2015","S15","2","166","peak","North"
"202","58.66618802","124.8559609","0.628086833","515.6924693","wet","2015","S15","2","166","peak","North"
"203","28.11481156","67.57233988","1.062424598","734.4964021","dry","2015","S15","2","167","peak","North"
"204","67.04730769","137.6313348","0.634490166","468.692359","wet","2015","S15","2","167","peak","North"
"205","43.870375","104.5393533","0.100632561","686.4504506","dry","2015","S15","2","169","peak","North"
"206","63.74786914","129.823888","2.297320326","465.0872787","wet","2015","S15","2","169","peak","North"
"207","50.32642821","107.2243463","-0.977097104","527.8362079","dry","2015","S15","2","170","peak","North"
"208","114.6467666","159.7174258","-1.978263159","204.4270174","wet","2015","S15","2","170","peak","North"
"209","68.31182443","138.899355","1.441322289","458.1086208","dry","2015","S15","2","172","peak","North"
"210","80.68499491","160.7760579","2.143811986","425.5399636","wet","2015","S15","2","172","peak","North"
"211","56.62788751","104.0865278","-1.989435778","386.7748549","dry","2010","S16","2","183","pre","North"
"212","47.34630018","104.7457321","0.609593047","577.2352254","wet","2010","S16","2","183","pre","North"
"213","54.17236148","105.2455027","0.308573377","433.6109985","dry","2010","S16","2","184","pre","North"
"214","58.24472172","116.623194","0.897541163","456.2673499","wet","2010","S16","2","184","pre","North"
"215","48.99954129","93.54991718","0.593589683","423.0861915","dry","2010","S16","2","185","pre","North"
"216","38.35945833","93.78307983","0.181006832","742.9462459","wet","2010","S16","2","185","pre","North"
"217","42.06013907","81.12693884","-1.754425753","439.2162137","dry","2010","S16","2","186","pre","North"
"218","46.70009519","90.88851577","-0.122175082","442.4010711","wet","2010","S16","2","186","pre","North"
"219","61.54726642","128.0546297","0.811118872","488.4497275","wet","2010","S16","2","187","pre","North"
"220","60.56361736","123.0797601","0.952656408","467.0119717","dry","2010","S16","2","189","pre","North"
"221","51.8139103","122.5802699","2.846951678","659.7924573","wet","2010","S16","2","189","pre","North"
"222","37.46317204","88.56370696","1.660022288","688.2709414","dry","2010","S16","2","190","pre","North"
"223","35.52935612","100.6901646","0.87588624","1091.268535","wet","2010","S16","2","190","pre","North"
"224","51.41219511","105.3958745","0.61375241","486.6501544","dry","2016","S16","2","211","peak","North"
"225","68.24265233","151.5083502","2.773749519","546.6365147","wet","2016","S16","2","211","peak","North"
"226","58.41871187","116.0514409","0.881980946","448.5204144","wet","2016","S16","2","212","peak","North"
"227","35.09299553","78.63492101","0.110712856","613.4998373","dry","2016","S16","2","213","peak","North"
"228","68.14594862","149.8056721","0.182469447","535.7939786","wet","2016","S16","2","213","peak","North"
"229","42.6615345","91.39941732","1.011293333","544.6808669","dry","2016","S16","2","217","peak","North"
"230","44.62495327","93.39105319","0.655212958","516.7731027","wet","2016","S16","2","217","peak","North"
"231","38.92614598","86.79018238","-0.305253233","599.7850767","dry","2016","S16","2","218","peak","North"
"232","55.34849276","114.2432604","-0.366813126","488.6689376","wet","2016","S16","2","218","peak","North"
"233","43.09034344","88.94285518","-1.798315231","502.6802372","dry","2016","S16","2","219","peak","North"
"234","50.39594868","109.5013354","0.148374497","550.5220127","wet","2016","S16","2","219","peak","North"
"235","68.35194932","105.5929906","-2.040340015","269.7726942","dry","2011","S36","2","342","pre","North"
"236","99.95470577","145.5636214","-2.509718468","227.9918697","wet","2011","S36","2","342","pre","North"
"237","70.92685715","148.3716437","0.54964669","480.7524737","dry","2011","S36","2","343","pre","North"
"238","48.79703915","100.6904547","1.284594389","496.3965612","wet","2011","S36","2","343","pre","North"
"239","63.58928289","127.6420281","0.185429684","452.4351705","dry","2011","S36","2","344","pre","North"
"240","56.2952464","119.2820138","1.021993637","514.0571874","wet","2011","S36","2","344","pre","North"
"241","68.12704742","131.3381007","-2.687496327","413.4004556","dry","2011","S36","2","345","pre","North"
"242","70.85706625","122.3339283","0.735195506","332.4193209","wet","2011","S36","2","345","pre","North"
"243","58.24520191","113.688261","0.098482404","433.2103787","dry","2011","S36","2","346","pre","North"
"244","51.32112371","102.6553967","0.723719197","462.967567","wet","2011","S36","2","346","pre","North"
"245","37.84143028","84.8135682","-2.23505959","609.5837563","dry","2011","S36","2","348","pre","North"
"246","54.64581588","111.9769519","0.745383101","482.2032496","wet","2011","S36","2","348","pre","North"
"247","53.24718292","111.1865448","-2.564616254","503.6198568","dry","2011","S36","2","349","pre","North"
"248","61.55135498","114.1176204","-0.560677632","389.3151628","wet","2011","S36","2","349","pre","North"
"249","62.1438308","125.5790218","-1.507378956","459.8192541","dry","2015","S36","2","368","peak","North"
"250","71.68395266","130.0641096","-1.636543338","365.090221","wet","2015","S36","2","368","peak","North"
"251","43.54530528","90.289194","-0.997101752","507.2925734","dry","2015","S36","2","371","peak","North"
"252","60.46440145","124.8292433","-0.893826128","481.8943705","wet","2015","S36","2","371","peak","North"
"253","37.12933353","93.01494014","2.564820729","790.2011329","dry","2015","S36","2","372","peak","North"
"254","64.82272478","108.3921583","0.023405503","316.1690325","wet","2015","S36","2","372","peak","North"
"255","55.41058277","111.4454767","0.161506622","464.095804","dry","2015","S36","2","373","peak","North"
"256","68.66830044","141.2021316","0.771608456","468.895741","wet","2015","S36","2","373","peak","North"
"257","59.02422922","121.1477415","0.848419949","478.4515549","dry","2015","S36","2","374","peak","North"
"258","50.5374561","104.474672","0.486524623","495.5866208","wet","2015","S36","2","374","peak","North"
"259","55.76852526","104.9540585","-2.604182043","405.4740157","dry","2015","S36","2","375","peak","North"
"260","61.91604465","124.1468863","0.157481477","453.5768044","wet","2015","S36","2","375","peak","North"
"261","67.21868068","108.3212767","-1.545462214","293.3625486","dry","2015","S36","2","376","peak","North"
"262","57.97983597","115.0309928","0.323158268","448.09237","wet","2015","S36","2","376","peak","North"
"263","81.39602651","163.997156","0.366851182","433.8445643","dry","2010","S02","3","1","pre","South"
"264","78.86669219","132.6208974","0.537938861","310.6942296","wet","2010","S02","3","1","pre","South"
"265","74.78010087","153.3153403","1.985044622","457.6743475","dry","2010","S02","3","3","pre","South"
"266","61.32479988","122.2327323","-1.090633819","448.5661887","wet","2010","S02","3","3","pre","South"
"267","56.28732771","99.75323857","0.849167121","359.6153709","dry","2010","S02","3","4","pre","South"
"268","69.01346506","134.3029571","0.062226149","420.1413391","wet","2010","S02","3","4","pre","South"
"269","62.20997484","121.8787531","0.329886053","432.8645784","dry","2010","S02","3","6","pre","South"
"270","52.39453627","110.1456816","0.522347307","510.9084719","wet","2010","S02","3","6","pre","South"
"271","71.30391625","152.6414861","4.059874084","503.7727872","dry","2010","S02","3","7","pre","South"
"272","73.9736103","139.6705682","3.234588312","391.5099516","wet","2010","S02","3","7","pre","South"
"273","84.06042105","135.3329966","0.264130551","283.2460691","dry","2010","S02","3","8","pre","South"
"274","52.94222818","124.864729","0.152585861","653.8600744","wet","2010","S02","3","8","pre","South"
"275","65.56647986","139.7916429","0.277903472","507.5776424","dry","2014","S02","3","28","peak","South"
"276","55.66890516","104.9803439","-0.295490847","407.1325246","wet","2014","S02","3","28","peak","South"
"277","42.95657372","96.98819399","-0.450244437","611.162691","wet","2014","S02","3","29","peak","South"
"278","64.64834201","125.8663784","0.029388406","424.7180934","dry","2014","S02","3","30","peak","South"
"279","74.18187157","134.1136894","3.225532413","360.2769972","wet","2014","S02","3","30","peak","South"
"280","63.55170779","131.8485453","2.499762653","483.5686645","dry","2014","S02","3","35","peak","South"
"281","55.42478533","103.0235531","-0.22952123","395.6954508","wet","2014","S02","3","35","peak","South"
"282","72.2153928","150.9722054","0.144530482","478.7022398","dry","2010","S07","3","38a","pre","South"
"283","68.09976457","146.3850032","0.476759509","511.931429","wet","2010","S07","3","38a","pre","South"
"284","70.14715826","135.3208734","-0.554044537","411.7057619","wet","2010","S07","3","38b","pre","South"
"285","67.74826655","136.5498114","2.142668961","451.0548038","dry","2010","S07","3","39a","pre","South"
"286","70.01056627","136.2008991","0.070397296","418.4715514","wet","2010","S07","3","39a","pre","South"
"287","58.60873265","139.6489357","1.65670587","653.6319762","dry","2010","S07","3","39b","pre","South"
"288","67.0501898","154.6590481","0.707151472","593.9526334","wet","2010","S07","3","39b","pre","South"
"289","73.89918512","152.3139309","1.25729507","463.7989844","dry","2010","S07","3","40","pre","South"
"290","62.20492309","108.8502175","2.669450279","347.187893","wet","2010","S07","3","40","pre","South"
"291","80.43887479","128.4590476","3.345852541","281.5564127","dry","2010","S07","3","41","pre","South"
"292","85.47985498","151.3923976","3.433403271","337.6464335","wet","2010","S07","3","41","pre","South"
"293","75.51720816","144.5423437","2.030662056","399.8190658","dry","2014","S07","3","49","peak","South"
"294","48.78257647","90.87929317","3.669220522","403.3794835","wet","2014","S07","3","49","peak","South"
"295","77.22591679","145.3280964","4.416222662","386.3174168","dry","2014","S07","3","51","peak","South"
"296","62.72042881","164.8095302","-1.19874495","799.4042243","wet","2014","S07","3","51","peak","South"
"297","84.82251434","142.5633528","3.880817694","306.7835305","dry","2014","S07","3","52","peak","South"
"298","92.05100354","179.544355","3.466037581","396.6624325","wet","2014","S07","3","52","peak","South"
"299","54.55886344","104.2434564","2.798787262","419.2433318","dry","2014","S07","3","54","peak","South"
"300","61.06103419","142.5732238","0.16032106","620.841997","wet","2014","S07","3","54","peak","South"
"301","56.65043027","118.3538514","-0.17988115","499.2291588","dry","2014","S07","3","55","peak","South"
"302","71.34375299","138.8041948","2.676443058","417.5724762","wet","2014","S07","3","55","peak","South"
"303","71.65892229","118.4991312","3.395463417","305.5868173","dry","2014","S07","3","57","peak","South"
"304","85.84175741","143.3225891","3.142027822","302.4431939","wet","2014","S07","3","57","peak","South"
"305","78.24915521","164.6057936","0.107803039","475.7125313","dry","2010","S11","3","119","pre","South"
"306","67.45967133","126.0725915","0.518607579","389.7301811","wet","2010","S11","3","119","pre","South"
"307","79.45547988","129.7724433","2.243042337","294.0679561","dry","2010","S11","3","120","pre","South"
"308","69.44845983","127.0470827","2.586103944","372.6359017","wet","2010","S11","3","120","pre","South"
"309","78.65504936","160.2500211","0.67984466","446.9260417","dry","2010","S11","3","121","pre","South"
"310","59.84510002","108.555015","-0.07717352","374.0641621","wet","2010","S11","3","121","pre","South"
"311","62.78615068","121.0126616","0.704257355","418.7053912","dry","2010","S11","3","122","pre","South"
"312","83.01743901","174.8717279","0.811369681","469.374523","wet","2010","S11","3","122","pre","South"
"313","77.10976281","154.6716275","2.128206054","436.7517166","dry","2010","S11","3","123","pre","South"
"314","83.51312127","155.2503243","0.72311354","370.8938027","wet","2010","S11","3","123","pre","South"
"315","95.79169533","157.6462913","0.809295773","287.8696099","dry","2010","S11","3","124","pre","South"
"316","99.11678514","169.8881366","1.335979003","307.3411316","wet","2010","S11","3","124","pre","South"
"317","68.46666373","112.7135251","3.874778079","304.802188","dry","2010","S11","3","125","pre","South"
"318","80.30700432","133.074555","3.26534783","301.5297593","wet","2010","S11","3","125","pre","South"
"319","59.41158195","128.2641171","0.726071457","531.0134207","dry","2016","S11","3","144","peak","South"
"320","84.93668804","160.2575786","-0.037131497","379.8017351","wet","2016","S11","3","144","peak","South"
"321","78.66951401","154.5178595","1.040882073","416.4967014","dry","2016","S11","3","145a","peak","South"
"322","82.41716324","134.1268632","0.59066555","289.8126281","wet","2016","S11","3","145a","peak","South"
"323","91.03937163","152.2513032","3.37248773","299.9370566","dry","2016","S11","3","145b","peak","South"
"324","97.33778257","158.5291748","2.96356669","281.7811997","wet","2016","S11","3","145b","peak","South"
"325","76.20696259","149.2442052","2.792133061","417.8015552","dry","2016","S11","3","146a","peak","South"
"326","88.52029754","167.4705168","2.975061152","377.2788789","wet","2016","S11","3","146a","peak","South"
"327","59.71643423","97.2767284","0.30593737","303.3726563","dry","2016","S11","3","146b","peak","South"
"328","87.23301254","142.9292127","-0.432821628","290.8051705","wet","2016","S11","3","146b","peak","South"
"329","114.7271208","184.5986163","4.332022605","264.8990959","dry","2016","S11","3","147a","peak","South"
"330","69.08180209","142.7377767","1.368766581","471.7395117","wet","2016","S11","3","147a","peak","South"
"331","103.820348","157.0114964","4.526278643","242.8912224","dry","2016","S11","3","147b","peak","South"
"332","99.41884367","166.3873522","1.215137383","294.1062571","wet","2016","S11","3","147b","peak","South"
"333","67.92898568","127.6796007","1.180577166","393.4783935","dry","2010","S15","3","148","pre","North"
"334","75.02961084","152.9356371","2.626402978","452.6378016","wet","2010","S15","3","148","pre","North"
"335","78.53388297","157.3441245","2.614700045","433.8038201","dry","2010","S15","3","149","pre","North"
"336","92.77642421","175.9408717","3.242873522","375.9147483","wet","2010","S15","3","149","pre","North"
"337","83.77849346","139.8259069","3.011215517","303.2939556","dry","2010","S15","3","152","pre","North"
"338","64.85893219","144.7645053","3.374598539","558.8517458","wet","2010","S15","3","152","pre","North"
"339","79.67175418","175.9246471","3.055458797","520.6522761","dry","2010","S15","3","153","pre","North"
"340","66.29452458","126.4711012","2.947044995","407.2187913","wet","2010","S15","3","153","pre","North"
"341","72.80037716","144.4015308","2.363772211","431.6476013","dry","2010","S15","3","154","pre","North"
"342","99.03086352","165.5924706","3.497926148","294.2852902","wet","2010","S15","3","154","pre","North"
"343","48.96956581","99.54794175","0.751038926","481.0268645","dry","2010","S15","3","155","pre","North"
"344","64.18719793","118.701848","2.776069236","384.8682057","wet","2010","S15","3","155","pre","North"
"345","78.88861092","165.6259691","0.61630248","472.9367533","dry","2015","S15","3","164","peak","North"
"346","71.27667543","142.8251001","2.461424861","442.3981176","wet","2015","S15","3","164","peak","North"
"347","66.28517951","123.446425","0.720481968","387.94491","dry","2015","S15","3","166","peak","North"
"348","68.94438638","141.6437715","-0.060471204","467.1186014","wet","2015","S15","3","166","peak","North"
"349","82.22148612","169.2240133","0.394687954","450.880915","dry","2015","S15","3","167","peak","North"
"350","67.36496326","113.0015984","3.053325981","316.8368404","wet","2015","S15","3","167","peak","North"
"351","70.45574422","147.7295348","0.061808464","484.0993442","dry","2015","S15","3","169","peak","North"
"352","86.3972219","177.1045856","2.430375372","441.7503303","wet","2015","S15","3","169","peak","North"
"353","81.4364274","177.0665736","0.675684565","502.0743884","dry","2015","S15","3","170","peak","North"
"354","81.87437644","159.380496","-0.381097419","406.2306725","wet","2015","S15","3","170","peak","North"
"355","50.72947414","103.3452069","1.523877808","481.1418271","dry","2015","S15","3","172","peak","North"
"356","78.66787551","151.1260126","2.492848526","399.8279798","wet","2015","S15","3","172","peak","North"
"357","70.90503674","142.4742417","3.692840728","445.5603761","dry","2010","S16","3","183","pre","North"
"358","58.00103192","121.9265504","3.141098968","504.5087293","wet","2010","S16","3","183","pre","North"
"359","85.69001008","141.2406402","3.019551242","295.2582496","dry","2010","S16","3","184","pre","North"
"360","57.69082731","95.44558255","3.213216881","313.9697212","wet","2010","S16","3","184","pre","North"
"361","62.9940832","135.9508449","0.590058332","524.2446705","dry","2010","S16","3","185","pre","North"
"362","57.27843495","107.3003107","-0.062056731","400.3342529","wet","2010","S16","3","185","pre","North"
"363","79.96303415","133.5436746","3.522222196","306.3394961","dry","2010","S16","3","186","pre","North"
"364","68.44028466","114.8054541","3.395374486","316.0165048","wet","2010","S16","3","186","pre","North"
"365","74.4831956","172.5525977","3.333284148","582.2133704","dry","2010","S16","3","187","pre","North"
"366","38.31142438","83.31149662","1.570692051","569.6386026","wet","2010","S16","3","187","pre","North"
"367","62.48165857","140.6257863","1.764930114","573.2711752","dry","2010","S16","3","189","pre","North"
"368","54.69910181","123.8733324","1.064750863","594.7282535","wet","2010","S16","3","189","pre","North"
"369","57.74191338","120.4345254","0.879636849","495.7627356","dry","2010","S16","3","190","pre","North"
"370","46.36420237","117.4821838","0.909651921","786.4652164","wet","2010","S16","3","190","pre","North"
"371","62.68118595","134.9367345","0.785615432","521.9122975","dry","2016","S16","3","211","peak","North"
"372","83.94306685","142.7348149","0.606489861","313.7653002","wet","2016","S16","3","211","peak","North"
"373","59.59859089","130.6459677","1.344418779","546.6135533","dry","2016","S16","3","212","peak","North"
"374","75.71572079","130.2739279","1.306634883","326.6319893","wet","2016","S16","3","212","peak","North"
"375","65.03515601","133.429198","2.57426365","471.138156","dry","2016","S16","3","213","peak","North"
"376","68.80171647","138.4362133","2.509077527","448.7557522","wet","2016","S16","3","213","peak","North"
"377","73.59063227","157.9517765","2.982095909","502.5833153","dry","2016","S16","3","216","peak","North"
"378","70.34096946","135.9759394","2.900353061","413.5045235","wet","2016","S16","3","216","peak","North"
"379","54.27404407","103.2950432","-0.487372843","416.1270114","dry","2016","S16","3","217","peak","North"
"380","72.60826304","145.4832313","-0.442763398","440.4113536","wet","2016","S16","3","217","peak","North"
"381","67.88359024","107.9237439","3.683727928","285.537202","dry","2016","S16","3","218","peak","North"
"382","66.45014328","127.9324498","2.810861612","413.9947409","wet","2016","S16","3","218","peak","North"
"383","79.19441463","130.5052256","3.145911656","299.1190536","dry","2016","S16","3","219","peak","North"
"384","67.71700414","142.7771866","-0.351825193","493.4078648","wet","2016","S16","3","219","peak","North"
"385","64.9058086","132.5456047","2.778331624","467.211038","dry","2011","S36","3","342","pre","North"
"386","67.45838042","143.7832852","2.312016496","504.5012009","wet","2011","S36","3","342","pre","North"
"387","68.33047558","143.3394106","2.844200194","488.059069","dry","2011","S36","3","343","pre","North"
"388","78.77079583","127.5712978","2.500285595","289.6658762","wet","2011","S36","3","343","pre","North"
"389","66.66966634","112.7332904","3.133119661","321.9978663","dry","2011","S36","3","344","pre","North"
"390","66.5368314","144.7468778","0.842780168","527.0762959","wet","2011","S36","3","344","pre","North"
"391","76.16869584","152.4301273","3.088950543","435.32572","dry","2011","S36","3","345","pre","North"
"392","69.83224683","127.9051162","2.807750602","373.0914133","wet","2011","S36","3","345","pre","North"
"393","79.11468287","130.7323913","1.492555767","300.4308339","dry","2011","S36","3","346","pre","North"
"394","77.12098277","166.5493594","2.717054448","502.1012909","wet","2011","S36","3","346","pre","North"
"395","71.93597849","145.3388467","3.295273209","447.5845091","dry","2011","S36","3","348","pre","North"
"396","66.62878151","140.386646","0.635680108","492.9600033","wet","2011","S36","3","348","pre","North"
"397","80.16375031","159.4355372","2.394142404","425.4978124","dry","2011","S36","3","349","pre","North"
"398","95.26685243","160.1910482","3.219054999","299.9137699","wet","2011","S36","3","349","pre","North"
"399","64.4918537","132.1668423","2.508179667","470.4661206","dry","2015","S36","3","368","peak","North"
"400","84.66125695","164.2693924","2.729853126","401.2216027","wet","2015","S36","3","368","peak","North"
"401","81.11542861","137.1521878","3.476792908","312.8469649","dry","2015","S36","3","371","peak","North"
"402","70.68251442","134.183404","1.153586633","397.6366984","wet","2015","S36","3","371","peak","North"
"403","73.73339331","132.6174699","2.723097056","357.2692644","dry","2015","S36","3","372","peak","North"
"404","81.30665126","156.9120939","4.306102585","400.870835","wet","2015","S36","3","372","peak","North"
"405","65.21589869","130.4261682","0.394480428","446.5176503","dry","2015","S36","3","373","peak","North"
"406","83.16396714","160.2083607","2.900079683","397.1723726","wet","2015","S36","3","373","peak","North"
"407","49.0897925","104.1813227","2.859408123","522.8620304","dry","2015","S36","3","374","peak","North"
"408","72.57007553","157.044986","3.031779277","511.9620018","wet","2015","S36","3","374","peak","North"
"409","65.80512412","142.0956681","0.405380794","520.6821021","dry","2015","S36","3","375","peak","North"
"410","89.71416385","193.6034697","-0.00706515","480.6400409","wet","2015","S36","3","375","peak","North"
"411","60.16312839","126.5302178","2.105929739","501.2279703","dry","2015","S36","3","376","peak","North"
"412","79.24003789","151.7195751","2.734706461","396.815311","wet","2015","S36","3","376","peak","North"
"413","ID","ID","ID","ID","ID","ID","ID","ID","ID","ID","ID"
