Rep,Placement,Stomata,Trichome,Name,Site,Year,ID,Treatment,PrePeak,Region,Trich_mm,Stom_mm
1,ab,50,17,Sweetwater,S02,2010,1,Dry,pre,South,21.64502165,63.66182837
1,ab,48.66666667,10,Sweetwater,S02,2010,1,Wet,pre,South,12.73236567,61.96417962
1,ab,116,20,Sweetwater,S02,2010,3,Dry,pre,South,25.46473135,147.6954418
1,ab,64.33333333,9.666666667,Sweetwater,S02,2010,3,Wet,pre,South,12.30795348,81.9115525
1,ab,74,8,Sweetwater,S02,2010,4,Dry,pre,South,10.18589254,94.21950598
1,ab,49,5,Sweetwater,S02,2010,4,Wet,pre,South,6.366182837,62.3885918
1,ab,50,11,Sweetwater,S02,2010,5,Dry,pre,South,14.00560224,63.66182837
1,ab,59,7.333333333,Sweetwater,S02,2010,5,Wet,pre,South,9.33706816,75.12095747
1,ab,40,16.33333333,Sweetwater,S02,2010,6,Dry,pre,South,20.79619726,50.92946269
1,ab,45,8,Sweetwater,S02,2010,6,Wet,pre,South,10.18589254,57.29564553
1,ab,86,15,Sweetwater,S02,2010,7,Dry,pre,South,19.09854851,109.4983448
1,ab,65.66666667,11.66666667,Sweetwater,S02,2010,8,Dry,pre,South,14.85442662,83.60920126
1,ab,40.66666667,9,Sweetwater,S02,2010,8,Wet,pre,South,11.45912911,51.77828708
1,ab,60.33333333,15,Sweetwater,S02,2014,28,Dry,peak,South,19.09854851,76.81860623
1,ab,75,8,Sweetwater,S02,2014,28,Wet,peak,South,10.18589254,95.49274255
1,ab,70,19.33333333,Sweetwater,S02,2014,29,Dry,peak,South,24.61590696,89.12655971
1,ab,53.66666667,16.33333333,Sweetwater,S02,2014,31,Dry,peak,South,20.79619726,68.33036245
1,ab,39.66666667,6,Sweetwater,S02,2014,31,Wet,peak,South,7.639419404,50.50505051
1,ab,59,18,Sweetwater,S02,2014,34,Dry,peak,South,22.91825821,75.12095747
1,ab,50.66666667,8,Sweetwater,S02,2014,34,Wet,peak,South,10.18589254,64.51065275
1,ab,38,8.666666667,Sweetwater,S02,2014,35,Dry,peak,South,11.03471692,48.38298956
1,ab,81,7,Sweetwater,S02,2014,35,Wet,peak,South,8.912655971,103.132162
1,ab,38.33333333,4,Sweetwater,S02,2014,36,Dry,peak,South,5.092946269,48.80740174
1,ab,39,3.666666667,Sweetwater,S02,2014,36,Wet,peak,South,4.668534081,49.65622613
1,ab,51,15.33333333,Sweetwater,S02,2014,37,Dry,peak,South,19.5229607,64.93506494
1,ab,59,4.666666667,Sweetwater,S02,2014,37,Wet,peak,South,5.941770648,75.12095747
1,ab,69,10,West Fork,S07,2010,40,Dry,pre,South,12.73236567,87.85332315
1,ab,72,8,West Fork,S07,2010,40,Wet,pre,South,10.18589254,91.67303285
1,ab,99.33333333,14.33333333,West Fork,S07,2010,41,Dry,pre,South,18.24972413,126.4748324
1,ab,67,19,West Fork,S07,2014,49,Dry,peak,South,24.19149478,85.30685001
1,ab,33.66666667,5.666666667,West Fork,S07,2014,49,Wet,peak,South,7.215007215,42.86563111
1,ab,114,23,West Fork,S07,2014,51,Dry,peak,South,29.28444105,145.1489687
1,ab,77,14,West Fork,S07,2014,51,Wet,peak,South,17.82531194,98.03921569
1,ab,83.66666667,16.66666667,West Fork,S07,2014,52,Dry,peak,South,21.22060946,106.5274595
1,ab,67.33333333,7,West Fork,S07,2014,52,Wet,peak,South,8.912655971,85.7312622
1,ab,60,8.333333333,West Fork,S07,2014,54,Dry,peak,South,10.61030473,76.39419404
1,ab,70.66666667,13.66666667,West Fork,S07,2014,54,Wet,peak,South,17.40089976,89.9753841
1,ab,45.66666667,11.66666667,West Fork,S07,2014,55,Dry,peak,South,14.85442662,58.14446991
1,ab,75.66666667,14.33333333,West Fork,S07,2014,57,Dry,peak,South,18.24972413,96.34156693
1,ab,51,10,West Fork,S07,2014,57,Wet,peak,South,12.73236567,64.93506494
1,ab,132,19,Mill Creek,S11,2010,119,Dry,pre,South,24.19149478,168.0672269
1,ab,93.66666667,13.33333333,Mill Creek,S11,2010,119,Wet,pre,South,16.97648756,119.2598251
1,ab,76,15,Mill Creek,S11,2010,120,Dry,pre,South,19.09854851,96.76597912
1,ab,95,18,Mill Creek,S11,2010,120,Wet,pre,South,22.91825821,120.9574739
1,ab,103.6666667,19.66666667,Mill Creek,S11,2010,121,Dry,pre,South,25.04031916,131.9921909
1,ab,73,12,Mill Creek,S11,2010,121,Wet,pre,South,15.27883881,92.94626942
1,ab,63.66666667,21.33333333,Mill Creek,S11,2010,122,Dry,pre,South,27.1623801,81.06272813
1,ab,60,9,Mill Creek,S11,2010,122,Wet,pre,South,11.45912911,76.39419404
1,ab,70,26,Mill Creek,S11,2010,123,Dry,pre,South,33.10415075,89.12655971
1,ab,90,24,Mill Creek,S11,2010,123,Wet,pre,South,30.55767762,114.5912911
1,ab,85.66666667,19.66666667,Mill Creek,S11,2010,124,Dry,pre,South,25.04031916,109.0739326
1,ab,119,16,Mill Creek,S11,2010,124,Wet,pre,South,20.37178508,151.5151515
1,ab,87,13,Mill Creek,S11,2010,125,Dry,pre,South,16.55207538,110.7715814
1,ab,109,12,Mill Creek,S11,2010,125,Wet,pre,South,15.27883881,138.7827858
1,ab,146.6666667,31.66666667,Mill Creek,S11,2016,144,Dry,peak,South,40.31915797,186.7413633
1,ab,71.66666667,10,Mill Creek,S11,2016,144,Wet,peak,South,12.73236567,91.24862066
1,ab,91.33333333,13.66666667,Rock Creek,S15,2010,148,Dry,pre,North,17.40089976,116.2889398
1,ab,62,6,Rock Creek,S15,2010,148,Wet,pre,North,7.639419404,78.94066718
1,ab,102.3333333,9.666666667,Rock Creek,S15,2010,149,Dry,pre,North,12.30795348,130.294542
1,ab,78,6,Rock Creek,S15,2010,149,Wet,pre,North,7.639419404,99.31245225
1,ab,61.33333333,14.33333333,Rock Creek,S15,2010,152,Dry,pre,North,18.24972413,78.09184279
1,ab,47,10,Rock Creek,S15,2010,152,Wet,pre,North,12.73236567,59.84211867
1,ab,60,19,Rock Creek,S15,2010,153,Dry,pre,North,24.19149478,76.39419404
1,ab,54,19,Rock Creek,S15,2010,154,Dry,pre,North,24.19149478,68.75477464
1,ab,61,12,Rock Creek,S15,2010,154,Wet,pre,North,15.27883881,77.66743061
1,ab,58.33333333,16.66666667,Rock Creek,S15,2010,155,Dry,pre,North,21.22060946,74.27213309
1,ab,37,10,Rock Creek,S15,2010,155,Wet,pre,North,12.73236567,47.10975299
1,ab,53,10,Rock Creek,S15,2015,164,Dry,peak,North,12.73236567,67.48153807
1,ab,102,20,Rock Creek,S15,2015,166,Dry,peak,North,25.46473135,129.8701299
1,ab,47,8,Rock Creek,S15,2015,166,Wet,peak,North,10.18589254,59.84211867
1,ab,148,15,Rock Creek,S15,2015,167,Dry,peak,North,19.09854851,188.439012
1,ab,77.33333333,9.333333333,Rock Creek,S15,2015,167,Wet,peak,North,11.88354129,98.46362787
1,ab,74.33333333,16.66666667,Rock Creek,S15,2015,169,Dry,peak,North,21.22060946,94.64391817
1,ab,83.33333333,13.66666667,Rock Creek,S15,2015,169,Wet,peak,North,17.40089976,106.1030473
1,ab,85,24,Rock Creek,S15,2015,170,Dry,peak,North,30.55767762,108.2251082
1,ab,103.3333333,11.66666667,Rock Creek,S15,2015,172,Dry,peak,North,14.85442662,131.5677786
1,ab,115,20,Rock Creek,S15,2015,172,Wet,peak,North,25.46473135,146.4222052
1,ab,45,23.33333333,O'Neil Creek,S16,2010,183,Dry,pre,North,29.70885323,57.29564553
1,ab,60.66666667,12,O'Neil Creek,S16,2010,183,Wet,pre,North,15.27883881,77.24301842
1,ab,63.33333333,14.66666667,O'Neil Creek,S16,2010,184,Dry,pre,North,18.67413633,80.63831593
1,ab,72,8,O'Neil Creek,S16,2010,184,Wet,pre,North,10.18589254,91.67303285
1,ab,43,16,O'Neil Creek,S16,2010,185,Dry,pre,North,20.37178508,54.7491724
1,ab,74,8,O'Neil Creek,S16,2010,185,Wet,pre,North,10.18589254,94.21950598
1,ab,65.33333333,10.33333333,O'Neil Creek,S16,2010,186,Dry,pre,North,13.15677786,83.18478906
1,ab,76,11,O'Neil Creek,S16,2010,186,Wet,pre,North,14.00560224,96.76597912
1,ab,29,6,O'Neil Creek,S16,2010,187,Dry,pre,North,7.639419404,36.92386045
1,ab,55,12,O'Neil Creek,S16,2010,187,Wet,pre,North,15.27883881,70.0280112
1,ab,41.66666667,27.33333333,O'Neil Creek,S16,2010,189,Dry,pre,North,34.8017995,53.05152364
1,ab,44,17,O'Neil Creek,S16,2010,190,Dry,pre,North,21.64502165,56.02240896
1,ab,71.66666667,14.33333333,O'Neil Creek,S16,2016,211,Dry,peak,North,18.24972413,91.24862066
1,ab,61.66666667,14.33333333,O'Neil Creek,S16,2016,211,Wet,peak,North,18.24972413,78.51625499
1,ab,40.66666667,21.33333333,O'Neil Creek,S16,2016,212,Dry,peak,North,27.1623801,51.77828708
1,ab,38,8,O'Neil Creek,S16,2016,212,Wet,peak,North,10.18589254,48.38298956
1,ab,60,12,O'Neil Creek,S16,2016,213,Dry,peak,North,15.27883881,76.39419404
1,ab,70.33333333,9.666666667,O'Neil Creek,S16,2016,213,Wet,peak,North,12.30795348,89.5509719
1,ab,53.66666667,10.33333333,O'Neil Creek,S16,2016,216,Dry,peak,North,13.15677786,68.33036245
1,ab,77,17,O'Neil Creek,S16,2016,216,Wet,peak,North,21.64502165,98.03921569
1,ab,81,12.66666667,O'Neil Creek,S16,2016,217,Dry,peak,North,16.12766319,103.132162
1,ab,59,11,O'Neil Creek,S16,2016,217,Wet,peak,North,14.00560224,75.12095747
1,ab,119.3333333,21,O'Neil Creek,S16,2016,218,Dry,peak,North,26.73796791,151.9395637
1,ab,57,8,O'Neil Creek,S16,2016,218,Wet,peak,North,10.18589254,72.57448434
1,ab,77.33333333,12.33333333,O'Neil Creek,S16,2016,219,Dry,peak,North,15.70325099,98.46362787
1,ab,79,14,O'Neil Creek,S16,2016,219,Wet,peak,North,17.82531194,100.5856888
1,ab,47.33333333,11.66666667,Deer Creek,S36,2011,342,Dry,pre,North,14.85442662,60.26653085
1,ab,89,20,Deer Creek,S36,2011,343,Dry,pre,North,25.46473135,113.3180545
1,ab,63.66666667,16,Deer Creek,S36,2011,344,Dry,pre,North,20.37178508,81.06272813
1,ab,81.33333333,11.66666667,Deer Creek,S36,2011,344,Wet,pre,North,14.85442662,103.5565741
1,ab,63.66666667,14,Deer Creek,S36,2011,345,Dry,pre,North,17.82531194,81.06272813
1,ab,85,11,Deer Creek,S36,2011,345,Wet,pre,North,14.00560224,108.2251082
1,ab,72,20,Deer Creek,S36,2011,346,Dry,pre,North,25.46473135,91.67303285
1,ab,61,7.666666667,Deer Creek,S36,2011,348,Dry,pre,North,9.76148035,77.66743061
1,ab,42,8,Deer Creek,S36,2011,348,Wet,pre,North,10.18589254,53.47593583
1,ab,47.33333333,21,Deer Creek,S36,2011,349,Dry,pre,North,26.73796791,60.26653085
1,ab,40,12,Deer Creek,S36,2011,349,Wet,pre,North,15.27883881,50.92946269
1,ab,102,15.33333333,Deer Creek,S36,2015,368,Dry,peak,North,19.5229607,129.8701299
1,ab,63,13,Deer Creek,S36,2015,368,Wet,peak,North,16.55207538,80.21390374
1,ab,56.33333333,15.33333333,Deer Creek,S36,2015,371,Dry,peak,North,19.5229607,71.72565996
1,ab,42.66666667,6.666666667,Deer Creek,S36,2015,371,Wet,peak,North,8.488243783,54.32476021
1,ab,105,13.33333333,Deer Creek,S36,2015,372,Dry,peak,North,16.97648756,133.6898396
1,ab,44.33333333,6.333333333,Deer Creek,S36,2015,372,Wet,peak,North,8.063831593,56.44682115
1,ab,46.33333333,13.33333333,Deer Creek,S36,2015,373,Dry,peak,North,16.97648756,58.99329428
1,ab,65,8.333333333,Deer Creek,S36,2015,373,Wet,peak,North,10.61030473,82.76037688
1,ab,82,19,Deer Creek,S36,2015,374,Dry,peak,North,24.19149478,104.4053985
1,ab,93,14,Deer Creek,S36,2015,374,Wet,peak,North,17.82531194,118.4110008
1,ab,68,15,Deer Creek,S36,2015,375,Dry,peak,North,19.09854851,86.58008658
1,ab,78,14,Deer Creek,S36,2015,376,Dry,peak,North,17.82531194,99.31245225
1,ab,79,19,Mill Creek,S11,2016,145A,Dry,peak,South,24.19149478,100.5856888
1,ab,60,15.66666667,Mill Creek,S11,2016,145B,Dry,peak,South,19.94737289,76.39419404
1,ab,81,13,Mill Creek,S11,2016,145B,Wet,peak,South,16.55207538,103.132162
1,ab,120.3333333,14.33333333,Mill Creek,S11,2016,146A,Dry,peak,South,18.24972413,153.2128002
1,ab,88,10,Mill Creek,S11,2016,146A,Wet,peak,South,12.73236567,112.0448179
1,ab,76.66666667,18.33333333,Mill Creek,S11,2016,146B,Dry,peak,South,23.3426704,97.6148035
1,ab,70,8,Mill Creek,S11,2016,146B,Wet,peak,South,10.18589254,89.12655971
1,ab,109.3333333,13,Mill Creek,S11,2016,147A,Dry,peak,South,16.55207538,139.207198
1,ab,79,12,Mill Creek,S11,2016,147A,Wet,peak,South,15.27883881,100.5856888
1,ab,104,12.33333333,Mill Creek,S11,2016,147B,Dry,peak,South,15.70325099,132.416603
1,ab,106,15,Mill Creek,S11,2016,147B,Wet,peak,South,19.09854851,134.9630761
1,ab,87.66666667,21,West Fork,S07,2010,38A,Dry,pre,South,26.73796791,111.6204057
1,ab,64.33333333,11,West Fork,S07,2010,38A,Wet,pre,South,14.00560224,81.9115525
1,ab,84,25,West Fork,S07,2010,38B,Dry,pre,South,31.83091418,106.9518717
1,ab,88,15,West Fork,S07,2010,38B,Wet,pre,South,19.09854851,112.0448179
1,ab,94,13,West Fork,S07,2010,39A,Dry,pre,South,16.55207538,119.6842373
1,ab,83,9,West Fork,S07,2010,39A,Wet,pre,South,11.45912911,105.6786351
1,ab,89,15,West Fork,S07,2010,39B,Dry,pre,South,19.09854851,113.3180545
1,ab,102,12,West Fork,S07,2010,39B,Wet,pre,South,15.27883881,129.8701299
2,ab,100,12,Sweetwater,S02,2010,1,Wet,pre,South,15.27883881,127.3236567
2,ab,50,9,Sweetwater,S02,2010,3,Dry,pre,South,11.45912911,63.66182837
2,ab,44,13,Sweetwater,S02,2010,3,Wet,pre,South,16.55207538,56.02240896
2,ab,79,11,Sweetwater,S02,2010,4,Wet,pre,South,14.00560224,100.5856888
2,ab,73,6,Sweetwater,S02,2010,5,Wet,pre,South,7.639419404,92.94626942
2,ab,60,12,Sweetwater,S02,2010,6,Dry,pre,South,15.27883881,76.39419404
2,ab,64,12,Sweetwater,S02,2010,6,Wet,pre,South,15.27883881,81.48714031
2,ab,54,11,Sweetwater,S02,2010,7,Dry,pre,South,14.00560224,68.75477464
2,ab,45,6,Sweetwater,S02,2010,7,Wet,pre,South,7.639419404,57.29564553
2,ab,56,11,Sweetwater,S02,2010,8,Dry,pre,South,14.00560224,71.30124777
2,ab,75,12,Sweetwater,S02,2010,8,Wet,pre,South,15.27883881,95.49274255
2,ab,44,13,Sweetwater,S02,2014,28,Dry,peak,South,16.55207538,56.02240896
2,ab,72,7,Sweetwater,S02,2014,28,Wet,peak,South,8.912655971,91.67303285
2,ab,133,13,Sweetwater,S02,2014,29,Wet,peak,South,16.55207538,169.3404635
2,ab,73,11,Sweetwater,S02,2014,35,Dry,peak,South,14.00560224,92.94626942
2,ab,54,12,Sweetwater,S02,2014,35,Wet,peak,South,15.27883881,68.75477464
2,ab,75,26,Sweetwater,S02,2014,36,Dry,peak,South,33.10415075,95.49274255
2,ab,78,19,Sweetwater,S02,2014,37,Dry,peak,South,24.19149478,99.31245225
2,ab,98,15,West Fork,S07,2010,40,Dry,pre,South,19.09854851,124.7771836
2,ab,120,15,West Fork,S07,2010,40,Wet,pre,South,19.09854851,152.7883881
2,ab,67,14,West Fork,S07,2010,41,Dry,pre,South,17.82531194,85.30685001
2,ab,80,15,West Fork,S07,2010,41,Wet,pre,South,19.09854851,101.8589254
2,ab,65,13,West Fork,S07,2014,49,Dry,peak,South,16.55207538,82.76037688
2,ab,64,10,West Fork,S07,2014,49,Wet,peak,South,12.73236567,81.48714031
2,ab,99,27,West Fork,S07,2014,51,Dry,peak,South,34.37738732,126.0504202
2,ab,78,17,West Fork,S07,2014,52,Dry,peak,South,21.64502165,99.31245225
2,ab,59,25,West Fork,S07,2014,54,Dry,peak,South,31.83091418,75.12095747
2,ab,81,12,West Fork,S07,2014,54,Wet,peak,South,15.27883881,103.132162
2,ab,65,13,West Fork,S07,2014,55,Dry,peak,South,16.55207538,82.76037688
2,ab,90,13,West Fork,S07,2014,55,Wet,peak,South,16.55207538,114.5912911
2,ab,50,25,West Fork,S07,2014,57,Dry,peak,South,31.83091418,63.66182837
2,ab,130,21,West Fork,S07,2014,57,Wet,peak,South,26.73796791,165.5207538
2,ab,65,14,Mill Creek,S11,2010,119,Dry,pre,South,17.82531194,82.76037688
2,ab,121,15,Mill Creek,S11,2010,119,Wet,pre,South,19.09854851,154.0616246
2,ab,163,7,Mill Creek,S11,2010,120,Wet,pre,South,8.912655971,207.5375605
2,ab,146,24,Mill Creek,S11,2010,121,Dry,pre,South,30.55767762,185.8925388
2,ab,74,10,Mill Creek,S11,2010,121,Wet,pre,South,12.73236567,94.21950598
2,ab,117,21,Mill Creek,S11,2010,122,Dry,pre,South,26.73796791,148.9686784
2,ab,95,17,Mill Creek,S11,2010,122,Wet,pre,South,21.64502165,120.9574739
2,ab,81,24,Mill Creek,S11,2010,123,Dry,pre,South,30.55767762,103.132162
2,ab,64,13,Mill Creek,S11,2010,124,Dry,pre,South,16.55207538,81.48714031
2,ab,103,9,Mill Creek,S11,2010,124,Wet,pre,South,11.45912911,131.1433664
2,ab,91,16,Mill Creek,S11,2010,125,Dry,pre,South,20.37178508,115.8645276
2,ab,60,10,Mill Creek,S11,2010,125,Wet,pre,South,12.73236567,76.39419404
2,ab,94,20,Mill Creek,S11,2016,144,Dry,peak,South,25.46473135,119.6842373
2,ab,132,15,Mill Creek,S11,2016,144,Wet,peak,South,19.09854851,168.0672269
2,ab,96,12,Rock Creek,S15,2010,148,Dry,pre,North,15.27883881,122.2307105
2,ab,73,7,Rock Creek,S15,2010,149,Dry,pre,North,8.912655971,92.94626942
2,ab,62,7,Rock Creek,S15,2010,149,Wet,pre,North,8.912655971,78.94066718
2,ab,68,17,Rock Creek,S15,2010,152,Dry,pre,North,21.64502165,86.58008658
2,ab,62,9,Rock Creek,S15,2010,152,Wet,pre,North,11.45912911,78.94066718
2,ab,66,7,Rock Creek,S15,2010,153,Dry,pre,North,8.912655971,84.03361345
2,ab,84,15,Rock Creek,S15,2010,153,Wet,pre,North,19.09854851,106.9518717
2,ab,65,18,Rock Creek,S15,2010,154,Dry,pre,North,22.91825821,82.76037688
2,ab,49,7,Rock Creek,S15,2010,154,Wet,pre,North,8.912655971,62.3885918
2,ab,71,18,Rock Creek,S15,2010,155,Dry,pre,North,22.91825821,90.39979628
2,ab,104,18,Rock Creek,S15,2010,155,Wet,pre,North,22.91825821,132.416603
2,ab,51,13,Rock Creek,S15,2015,164,Dry,peak,North,16.55207538,64.93506494
2,ab,81,8,Rock Creek,S15,2015,164,Wet,peak,North,10.18589254,103.132162
2,ab,54,20,Rock Creek,S15,2015,166,Dry,peak,North,25.46473135,68.75477464
2,ab,88,9,Rock Creek,S15,2015,167,Wet,peak,North,11.45912911,112.0448179
2,ab,53,7,Rock Creek,S15,2015,169,Dry,peak,North,8.912655971,67.48153807
2,ab,71,14,Rock Creek,S15,2015,169,Wet,peak,North,17.82531194,90.39979628
2,ab,75,13,Rock Creek,S15,2015,170,Dry,peak,North,16.55207538,95.49274255
2,ab,67,8,Rock Creek,S15,2015,170,Wet,peak,North,10.18589254,85.30685001
2,ab,75,9,Rock Creek,S15,2015,172,Dry,peak,North,11.45912911,95.49274255
2,ab,90,9,Rock Creek,S15,2015,172,Wet,peak,North,11.45912911,114.5912911
2,ab,59,16,O'Neil Creek,S16,2010,183,Dry,pre,North,20.37178508,75.12095747
2,ab,72,12,O'Neil Creek,S16,2010,183,Wet,pre,North,15.27883881,91.67303285
2,ab,54,16,O'Neil Creek,S16,2010,184,Dry,pre,North,20.37178508,68.75477464
2,ab,52,10,O'Neil Creek,S16,2010,184,Wet,pre,North,12.73236567,66.2083015
2,ab,94,15,O'Neil Creek,S16,2010,185,Dry,pre,North,19.09854851,119.6842373
2,ab,87,22,O'Neil Creek,S16,2010,185,Wet,pre,North,28.01120448,110.7715814
2,ab,41,16,O'Neil Creek,S16,2010,186,Dry,pre,North,20.37178508,52.20269926
2,ab,80,15,O'Neil Creek,S16,2010,186,Wet,pre,North,19.09854851,101.8589254
2,ab,111,18,O'Neil Creek,S16,2010,187,Wet,pre,North,22.91825821,141.329259
2,ab,55,15,O'Neil Creek,S16,2010,189,Dry,pre,North,19.09854851,70.0280112
2,ab,38,8,O'Neil Creek,S16,2010,189,Wet,pre,North,10.18589254,48.38298956
2,ab,53,27,O'Neil Creek,S16,2010,190,Dry,pre,North,34.37738732,67.48153807
2,ab,97,16,O'Neil Creek,S16,2010,190,Wet,pre,North,20.37178508,123.503947
2,ab,70,29,O'Neil Creek,S16,2016,211,Dry,peak,North,36.92386045,89.12655971
2,ab,59,12,O'Neil Creek,S16,2016,211,Wet,peak,North,15.27883881,75.12095747
2,ab,62,7,O'Neil Creek,S16,2016,212,Wet,peak,North,8.912655971,78.94066718
2,ab,73,6,O'Neil Creek,S16,2016,213,Dry,peak,North,7.639419404,92.94626942
2,ab,84,14,O'Neil Creek,S16,2016,217,Dry,peak,North,17.82531194,106.9518717
2,ab,66,10,O'Neil Creek,S16,2016,217,Wet,peak,North,12.73236567,84.03361345
2,ab,38,8,O'Neil Creek,S16,2016,218,Dry,peak,North,10.18589254,48.38298956
2,ab,100,8,O'Neil Creek,S16,2016,218,Wet,peak,North,10.18589254,127.3236567
2,ab,82,14,O'Neil Creek,S16,2016,219,Wet,peak,North,17.82531194,104.4053985
2,ab,65,17,Deer Creek,S36,2011,342,Dry,pre,North,21.64502165,82.76037688
2,ab,95,12,Deer Creek,S36,2011,342,Wet,pre,North,15.27883881,120.9574739
2,ab,82,11,Deer Creek,S36,2011,343,Dry,pre,North,14.00560224,104.4053985
2,ab,64,19,Deer Creek,S36,2011,343,Wet,pre,North,24.19149478,81.48714031
2,ab,79,14,Deer Creek,S36,2011,344,Dry,pre,North,17.82531194,100.5856888
2,ab,72,11,Deer Creek,S36,2011,344,Wet,pre,North,14.00560224,91.67303285
2,ab,77,15,Deer Creek,S36,2011,345,Dry,pre,North,19.09854851,98.03921569
2,ab,137,15,Deer Creek,S36,2011,345,Wet,pre,North,19.09854851,174.4334097
2,ab,73,5,Deer Creek,S36,2011,346,Dry,pre,North,6.366182837,92.94626942
2,ab,91,9,Deer Creek,S36,2011,346,Wet,pre,North,11.45912911,115.8645276
2,ab,60,4,Deer Creek,S36,2011,348,Dry,pre,North,5.092946269,76.39419404
2,ab,97,14,Deer Creek,S36,2011,348,Wet,pre,North,17.82531194,123.503947
2,ab,46,12,Deer Creek,S36,2011,349,Dry,pre,North,15.27883881,58.5688821
2,ab,109,13,Deer Creek,S36,2011,349,Wet,pre,North,16.55207538,138.7827858
2,ab,54,16,Deer Creek,S36,2015,368,Dry,peak,North,20.37178508,68.75477464
2,ab,81,14,Deer Creek,S36,2015,368,Wet,peak,North,17.82531194,103.132162
2,ab,63,14,Deer Creek,S36,2015,371,Dry,peak,North,17.82531194,80.21390374
2,ab,55,9,Deer Creek,S36,2015,372,Wet,peak,North,11.45912911,70.0280112
2,ab,81,16,Deer Creek,S36,2015,373,Dry,peak,North,20.37178508,103.132162
2,ab,67,10,Deer Creek,S36,2015,373,Wet,peak,North,12.73236567,85.30685001
2,ab,91,13,Deer Creek,S36,2015,374,Dry,peak,North,16.55207538,115.8645276
2,ab,46,13,Deer Creek,S36,2015,374,Wet,peak,North,16.55207538,58.5688821
2,ab,81,16,Deer Creek,S36,2015,375,Dry,peak,North,20.37178508,103.132162
2,ab,74,10,Deer Creek,S36,2015,375,Wet,peak,North,12.73236567,94.21950598
2,ab,60,20,Deer Creek,S36,2015,376,Dry,peak,North,25.46473135,76.39419404
2,ab,102,11,Deer Creek,S36,2015,376,Wet,peak,North,14.00560224,129.8701299
3,ab,67.3,12,Sweetwater,S02,2010,3,Wet,pre,South,15.27883881,85.68882098
3,ab,67.7,12.7,Sweetwater,S02,2010,4,Wet,pre,South,16.17010441,86.19811561
3,ab,57,13,Sweetwater,S02,2010,8,Wet,pre,South,16.55207538,72.57448434
3,ab,63,11,Sweetwater,S02,2014,28,Wet,peak,South,14.00560224,80.21390374
3,ab,44,11.3,Sweetwater,S02,2014,29,Wet,peak,South,14.38757321,56.02240896
3,ab,NA,NA,Sweetwater,S02,2014,35,Wet,peak,South,#VALUE!,#VALUE!
3,ab,54,10,Sweetwater,S02,2014,35,Wet,peak,South,12.73236567,68.75477464
3,ab,51.3,7.3,West Fork,S07,2010,40,Wet,pre,South,9.294626942,65.31703591
3,ab,91.7,13.3,West Fork,S07,2010,41,Wet,pre,South,16.93404635,116.7557932
3,ab,61.3,9.7,West Fork,S07,2014,49,Wet,peak,South,12.3503947,78.04940158
3,ab,83.7,12,West Fork,S07,2014,51,Wet,peak,South,15.27883881,106.5699007
3,ab,59.3,10,West Fork,S07,2014,52,Wet,peak,South,12.73236567,75.50292844
3,ab,77.7,12.7,West Fork,S07,2014,54,Wet,peak,South,16.17010441,98.93048128
3,ab,60.3,7,West Fork,S07,2014,55,Wet,peak,South,8.912655971,76.77616501
3,ab,59.3,12,Mill Creek,S11,2010,119,Wet,pre,South,15.27883881,75.50292844
3,ab,65.3,7.3,Mill Creek,S11,2010,120,Wet,pre,South,9.294626942,83.14234785
3,ab,65.3,10,Mill Creek,S11,2010,121,Wet,pre,South,12.73236567,83.14234785
3,ab,74,14,Mill Creek,S11,2010,122,Wet,pre,South,17.82531194,94.21950598
3,ab,80,17,Mill Creek,S11,2010,124,Wet,pre,South,21.64502165,101.8589254
3,ab,69,5.7,Mill Creek,S11,2010,125,Wet,pre,South,7.257448434,87.85332315
3,ab,73,13,Mill Creek,S11,2016,144,Wet,peak,South,16.55207538,92.94626942
3,ab,54.7,4.7,Rock Creek,S15,2010,149,Wet,pre,North,5.984211867,69.64604023
3,ab,83.7,7.3,Rock Creek,S15,2010,149,Wet,pre,North,9.294626942,106.5699007
3,ab,39,3,Rock Creek,S15,2010,153,Wet,pre,North,3.819709702,49.65622613
3,ab,95,15,Rock Creek,S15,2010,154,Wet,pre,North,19.09854851,120.9574739
3,ab,70,6.7,Rock Creek,S15,2015,164,Wet,peak,North,8.530685001,89.12655971
3,ab,55.7,10.3,Rock Creek,S15,2015,166,Wet,peak,North,13.11433664,70.9192768
3,ab,68.3,11.7,O'Neil Creek,S16,2010,183,Wet,pre,North,14.89686784,86.96205755
3,ab,49,9,O'Neil Creek,S16,2010,184,Wet,pre,North,11.45912911,62.3885918
3,ab,38.7,3,O'Neil Creek,S16,2010,187,Wet,pre,North,3.819709702,49.27425516
3,ab,60.7,12.3,O'Neil Creek,S16,2010,189,Wet,pre,North,15.66080978,77.28545964
3,ab,70.7,10.3,O'Neil Creek,S16,2010,190,Wet,pre,North,13.11433664,90.01782531
3,ab,45.7,7.3,O'Neil Creek,S16,2010,190,Wet,pre,North,9.294626942,58.18691113
3,ab,72,9.3,O'Neil Creek,S16,2016,211,Wet,peak,North,11.84110008,91.67303285
3,ab,83,15,O'Neil Creek,S16,2016,212,Wet,peak,North,19.09854851,105.6786351
3,ab,62.3,10.7,O'Neil Creek,S16,2016,213,Wet,peak,North,13.62363127,79.32263815
3,ab,74,17,O'Neil Creek,S16,2016,216,Wet,peak,North,21.64502165,94.21950598
3,ab,75.3,7.7,O'Neil Creek,S16,2016,217,Wet,peak,North,9.803921569,95.87471352
3,ab,67.3,13.3,O'Neil Creek,S16,2016,218,Wet,peak,North,16.93404635,85.68882098
3,ab,61,8,O'Neil Creek,S16,2016,219,Wet,peak,North,10.18589254,77.66743061
3,ab,42,8.3,O'Neil Creek,S16,2016,219,Wet,peak,North,10.56786351,53.47593583
3,ab,NA,NA,Deer Creek,S36,2011,342,Wet,pre,North,#VALUE!,#VALUE!
3,ab,92,12,Deer Creek,S36,2011,343,Wet,pre,North,15.27883881,117.1377642
3,ab,76.7,10.3,Deer Creek,S36,2011,345,Wet,pre,North,13.11433664,97.65724472
3,ab,50.7,7.3,Deer Creek,S36,2011,346,Wet,pre,North,9.294626942,64.55309396
3,ab,78,9.7,Deer Creek,S36,2011,346,Wet,pre,North,12.3503947,99.31245225
3,ab,47,5.7,Deer Creek,S36,2011,348,Wet,pre,North,7.257448434,59.84211867
3,ab,68,8.7,Deer Creek,S36,2011,348,Wet,pre,North,11.07715814,86.58008658
3,ab,115.7,14.7,Deer Creek,S36,2015,371,Wet,peak,North,18.71657754,147.3134708
3,ab,66.7,9,Deer Creek,S36,2015,373,Wet,peak,North,11.45912911,84.92487904
3,ab,51,12.3,Deer Creek,S36,2015,374,Wet,peak,North,15.66080978,64.93506494
3,ab,64.3,11,Deer Creek,S36,2015,376,Wet,peak,North,14.00560224,81.86911128
3,ab,73,11.7,Mill Creek,S11,2016,145A,Wet,peak,South,14.89686784,92.94626942
3,ab,48,9,Mill Creek,S11,2016,145B,Wet,peak,South,11.45912911,61.11535523
3,ab,73.3,10.3,Mill Creek,S11,2016,145B,Wet,peak,South,13.11433664,93.32824039
3,ab,47.3,7.7,Mill Creek,S11,2016,146A,Wet,peak,South,9.803921569,60.22408964
3,ab,65.3,8.7,Mill Creek,S11,2016,146A,Wet,peak,South,11.07715814,83.14234785
3,ab,68,8,Mill Creek,S11,2016,146A,Wet,peak,South,10.18589254,86.58008658
3,ab,61.7,10,Mill Creek,S11,2016,147A,Wet,peak,South,12.73236567,78.55869621
3,ab,NA,NA,Mill Creek,S11,2016,147B,Dry,peak,South,#VALUE!,#VALUE!
3,ab,56.7,10.7,West Fork,S07,2010,38A,Wet,pre,South,13.62363127,72.19251337
3,ab,47.7,8.7,West Fork,S07,2010,38A,Wet,pre,South,11.07715814,60.73338426
3,ab,80.3,11.7,West Fork,S07,2010,38B,Wet,pre,South,14.89686784,102.2408964
3,ab,84,11,West Fork,S07,2010,39B,Wet,pre,South,14.00560224,106.9518717
1,be,120,27,Sweetwater,S02,2010,1,Dry,pre,South,34.37738732,152.7883881
1,be,78.33333333,10,Sweetwater,S02,2010,1,Wet,pre,South,12.73236567,99.73686444
1,be,165,21,Sweetwater,S02,2010,3,Dry,pre,South,26.73796791,210.0840336
1,be,109.3333333,12,Sweetwater,S02,2010,3,Wet,pre,South,15.27883881,139.207198
1,be,98,12,Sweetwater,S02,2010,4,Dry,pre,South,15.27883881,124.7771836
1,be,77,7,Sweetwater,S02,2010,4,Wet,pre,South,8.912655971,98.03921569
1,be,135.5,19,Sweetwater,S02,2010,5,Dry,pre,South,24.19149478,172.5235549
1,be,94.33333333,10,Sweetwater,S02,2010,5,Wet,pre,South,12.73236567,120.1086495
1,be,116.3333333,28.33333333,Sweetwater,S02,2010,6,Dry,pre,South,36.07503607,148.119854
1,be,88.33333333,15,Sweetwater,S02,2010,6,Wet,pre,South,19.09854851,112.4692301
1,be,138,24,Sweetwater,S02,2010,7,Dry,pre,South,30.55767762,175.7066463
1,be,118,19,Sweetwater,S02,2010,8,Dry,pre,South,24.19149478,150.2419149
1,be,79.66666667,8.333333333,Sweetwater,S02,2010,8,Wet,pre,South,10.61030473,101.4345132
1,be,112.3333333,14,Sweetwater,S02,2014,28,Dry,peak,South,17.82531194,143.0269077
1,be,101,12,Sweetwater,S02,2014,28,Wet,peak,South,15.27883881,128.5968933
1,be,137.3333333,24.33333333,Sweetwater,S02,2014,29,Dry,peak,South,30.9820898,174.8578219
1,be,122,26.33333333,Sweetwater,S02,2014,31,Dry,peak,South,33.52856294,155.3348612
1,be,71,12,Sweetwater,S02,2014,31,Wet,peak,South,15.27883881,90.39979628
1,be,161,27,Sweetwater,S02,2014,34,Dry,peak,South,34.37738732,204.9910873
1,be,85.66666667,7.666666667,Sweetwater,S02,2014,34,Wet,peak,South,9.76148035,109.0739326
1,be,82,11,Sweetwater,S02,2014,35,Dry,peak,South,14.00560224,104.4053985
1,be,106,13,Sweetwater,S02,2014,35,Wet,peak,South,16.55207538,134.9630761
1,be,62,4,Sweetwater,S02,2014,36,Dry,peak,South,5.092946269,78.94066718
1,be,64.66666667,8.666666667,Sweetwater,S02,2014,36,Wet,peak,South,11.03471692,82.33596469
1,be,132.3333333,26,Sweetwater,S02,2014,37,Dry,peak,South,33.10415075,168.491639
1,be,80,13.33333333,Sweetwater,S02,2014,37,Wet,peak,South,16.97648756,101.8589254
1,be,113,16,West Fork,S07,2010,40,Dry,pre,South,20.37178508,143.8757321
1,be,126,13,West Fork,S07,2010,40,Wet,pre,South,16.55207538,160.4278075
1,be,147,21,West Fork,S07,2010,41,Dry,pre,South,26.73796791,187.1657754
1,be,125,19,West Fork,S07,2014,49,Dry,peak,South,24.19149478,159.1545709
1,be,65.33333333,7.333333333,West Fork,S07,2014,49,Wet,peak,South,9.33706816,83.18478906
1,be,137.3333333,30,West Fork,S07,2014,51,Dry,peak,South,38.19709702,174.8578219
1,be,107,16,West Fork,S07,2014,51,Wet,peak,South,20.37178508,136.2363127
1,be,115,29.33333333,West Fork,S07,2014,52,Dry,peak,South,37.34827264,146.4222052
1,be,81.33333333,8,West Fork,S07,2014,52,Wet,peak,South,10.18589254,103.5565741
1,be,96,16.66666667,West Fork,S07,2014,54,Dry,peak,South,21.22060946,122.2307105
1,be,128.3333333,22,West Fork,S07,2014,54,Wet,peak,South,28.01120448,163.3986928
1,be,88,11.33333333,West Fork,S07,2014,55,Dry,peak,South,14.43001443,112.0448179
1,be,161,22.66666667,West Fork,S07,2014,57,Dry,peak,South,28.86002886,204.9910873
1,be,117,14,West Fork,S07,2014,57,Wet,peak,South,17.82531194,148.9686784
1,be,119,23,Mill Creek,S11,2010,119,Dry,pre,South,29.28444105,151.5151515
1,be,116.6666667,15.66666667,Mill Creek,S11,2010,119,Wet,pre,South,19.94737289,148.5442662
1,be,91,18,Mill Creek,S11,2010,120,Dry,pre,South,22.91825821,115.8645276
1,be,151,21,Mill Creek,S11,2010,120,Wet,pre,South,26.73796791,192.2587217
1,be,122.6666667,23.33333333,Mill Creek,S11,2010,121,Dry,pre,South,29.70885323,156.1836856
1,be,119,16,Mill Creek,S11,2010,121,Wet,pre,South,20.37178508,151.5151515
1,be,80.33333333,25.66666667,Mill Creek,S11,2010,122,Dry,pre,South,32.67973857,102.2833376
1,be,51,12,Mill Creek,S11,2010,122,Wet,pre,South,15.27883881,64.93506494
1,be,109,33,Mill Creek,S11,2010,123,Dry,pre,South,42.01680672,138.7827858
1,be,114,26,Mill Creek,S11,2010,123,Wet,pre,South,33.10415075,145.1489687
1,be,116.6666667,25.33333333,Mill Creek,S11,2010,124,Dry,pre,South,32.25532637,148.5442662
1,be,124,21,Mill Creek,S11,2010,124,Wet,pre,South,26.73796791,157.8813344
1,be,203,40,Mill Creek,S11,2010,125,Dry,pre,South,50.92946269,258.4670232
1,be,119,19,Mill Creek,S11,2010,125,Wet,pre,South,24.19149478,151.5151515
1,be,132.6666667,39,Mill Creek,S11,2016,144,Dry,peak,South,49.65622613,168.9160513
1,be,83.33333333,14.33333333,Mill Creek,S11,2016,144,Wet,peak,South,18.24972413,106.1030473
1,be,135.3333333,19.33333333,Rock Creek,S15,2010,148,Dry,pre,North,24.61590696,172.3113487
1,be,120,11,Rock Creek,S15,2010,148,Wet,pre,North,14.00560224,152.7883881
1,be,159,14,Rock Creek,S15,2010,149,Dry,pre,North,17.82531194,202.4446142
1,be,102,14,Rock Creek,S15,2010,149,Wet,pre,North,17.82531194,129.8701299
1,be,131,17,Rock Creek,S15,2010,152,Dry,pre,North,21.64502165,166.7939903
1,be,130,14,Rock Creek,S15,2010,152,Wet,pre,North,17.82531194,165.5207538
1,be,124,24,Rock Creek,S15,2010,153,Dry,pre,North,30.55767762,157.8813344
1,be,170,34,Rock Creek,S15,2010,154,Dry,pre,North,43.29004329,216.4502165
1,be,107,16,Rock Creek,S15,2010,154,Wet,pre,North,20.37178508,136.2363127
1,be,129.6666667,24,Rock Creek,S15,2010,155,Dry,pre,North,30.55767762,165.0963416
1,be,107,13,Rock Creek,S15,2010,155,Wet,pre,North,16.55207538,136.2363127
1,be,94,16,Rock Creek,S15,2015,164,Dry,peak,North,20.37178508,119.6842373
1,be,238,28,Rock Creek,S15,2015,166,Dry,peak,North,35.65062389,303.030303
1,be,107,12,Rock Creek,S15,2015,166,Wet,peak,North,15.27883881,136.2363127
1,be,199,21,Rock Creek,S15,2015,167,Dry,peak,North,26.73796791,253.3740769
1,be,99.33333333,15,Rock Creek,S15,2015,167,Wet,peak,North,19.09854851,126.4748324
1,be,164,24,Rock Creek,S15,2015,169,Dry,peak,North,30.55767762,208.810797
1,be,122.3333333,13.33333333,Rock Creek,S15,2015,169,Wet,peak,North,16.97648756,155.7592734
1,be,176,19,Rock Creek,S15,2015,170,Dry,peak,North,24.19149478,224.0896359
1,be,177.3333333,18.33333333,Rock Creek,S15,2015,172,Dry,peak,North,23.3426704,225.7872846
1,be,124,16,Rock Creek,S15,2015,172,Wet,peak,North,20.37178508,157.8813344
1,be,128.3333333,21.33333333,O'Neil Creek,S16,2010,183,Dry,pre,North,27.1623801,163.3986928
1,be,159.3333333,20,O'Neil Creek,S16,2010,183,Wet,pre,North,25.46473135,202.8690264
1,be,168.6666667,18.66666667,O'Neil Creek,S16,2010,184,Dry,pre,North,23.76708259,214.7525677
1,be,143,16,O'Neil Creek,S16,2010,184,Wet,pre,North,20.37178508,182.0728291
1,be,132,18,O'Neil Creek,S16,2010,185,Dry,pre,North,22.91825821,168.0672269
1,be,116,11,O'Neil Creek,S16,2010,185,Wet,pre,North,14.00560224,147.6954418
1,be,114.3333333,17.33333333,O'Neil Creek,S16,2010,186,Dry,pre,North,22.06943383,145.5733808
1,be,99,8,O'Neil Creek,S16,2010,186,Wet,pre,North,10.18589254,126.0504202
1,be,57,6,O'Neil Creek,S16,2010,187,Dry,pre,North,7.639419404,72.57448434
1,be,56,4,O'Neil Creek,S16,2010,187,Dry,pre,North,5.092946269,71.30124777
1,be,96,19,O'Neil Creek,S16,2010,187,Wet,pre,North,24.19149478,122.2307105
1,be,126,32.66666667,O'Neil Creek,S16,2010,189,Dry,pre,North,41.59239454,160.4278075
1,be,165,25,O'Neil Creek,S16,2010,190,Dry,pre,North,31.83091418,210.0840336
1,be,148,16.66666667,O'Neil Creek,S16,2016,211,Dry,peak,North,21.22060946,188.439012
1,be,157,18.33333333,O'Neil Creek,S16,2016,211,Wet,peak,North,23.3426704,199.8981411
1,be,182,30.66666667,O'Neil Creek,S16,2016,212,Dry,peak,North,39.0459214,231.7290553
1,be,86.66666667,11.66666667,O'Neil Creek,S16,2016,212,Wet,peak,North,14.85442662,110.3471692
1,be,146,28,O'Neil Creek,S16,2016,213,Dry,peak,North,35.65062389,185.8925388
1,be,195,22.33333333,O'Neil Creek,S16,2016,213,Wet,peak,North,28.43561667,248.2811306
1,be,133,14.66666667,O'Neil Creek,S16,2016,216,Dry,peak,North,18.67413633,169.3404635
1,be,224,26,O'Neil Creek,S16,2016,216,Wet,peak,North,33.10415075,285.2049911
1,be,189,23.66666667,O'Neil Creek,S16,2016,217,Dry,peak,North,30.13326543,240.6417112
1,be,122,20,O'Neil Creek,S16,2016,217,Wet,peak,North,25.46473135,155.3348612
1,be,292.6666667,34.66666667,O'Neil Creek,S16,2016,218,Dry,peak,North,44.13886767,372.6339021
1,be,151,10,O'Neil Creek,S16,2016,218,Wet,peak,North,12.73236567,192.2587217
1,be,168.6666667,17.33333333,O'Neil Creek,S16,2016,219,Dry,peak,North,22.06943383,214.7525677
1,be,147,13,O'Neil Creek,S16,2016,219,Wet,peak,North,16.55207538,187.1657754
1,be,62,14,Deer Creek,S36,2011,342,Dry,pre,North,17.82531194,78.94066718
1,be,162,17,Deer Creek,S36,2011,343,Dry,pre,North,21.64502165,206.2643239
1,be,129,24.33333333,Deer Creek,S36,2011,344,Dry,pre,North,30.9820898,164.2475172
1,be,187,17.66666667,Deer Creek,S36,2011,344,Wet,pre,North,22.49384603,238.0952381
1,be,159.3333333,13.66666667,Deer Creek,S36,2011,345,Dry,pre,North,17.40089976,202.8690264
1,be,142,23,Deer Creek,S36,2011,345,Wet,pre,North,29.28444105,180.7995926
1,be,194,23,Deer Creek,S36,2011,346,Dry,pre,North,29.28444105,247.0078941
1,be,116,11,Deer Creek,S36,2011,348,Dry,pre,North,14.00560224,147.6954418
1,be,88,6,Deer Creek,S36,2011,348,Wet,pre,North,7.639419404,112.0448179
1,be,142.6666667,21,Deer Creek,S36,2011,349,Dry,pre,North,26.73796791,181.648417
1,be,83,8,Deer Creek,S36,2011,349,Wet,pre,North,10.18589254,105.6786351
1,be,135.6666667,18.33333333,Deer Creek,S36,2015,368,Dry,peak,North,23.3426704,172.735761
1,be,120,11,Deer Creek,S36,2015,368,Wet,peak,North,14.00560224,152.7883881
1,be,155.6666667,21,Deer Creek,S36,2015,371,Dry,peak,North,26.73796791,198.2004924
1,be,92,9.333333333,Deer Creek,S36,2015,371,Wet,peak,North,11.88354129,117.1377642
1,be,215.6666667,23.66666667,Deer Creek,S36,2015,372,Dry,peak,North,30.13326543,274.5946864
1,be,138.6666667,14.33333333,Deer Creek,S36,2015,372,Wet,peak,North,18.24972413,176.5554707
1,be,140.6666667,15,Deer Creek,S36,2015,373,Dry,peak,North,19.09854851,179.1019439
1,be,116,10.66666667,Deer Creek,S36,2015,373,Wet,peak,North,13.58119006,147.6954418
1,be,190,23,Deer Creek,S36,2015,374,Dry,peak,North,29.28444105,241.9149478
1,be,180,21,Deer Creek,S36,2015,374,Wet,peak,North,26.73796791,229.1825821
1,be,177.6666667,14.66666667,Deer Creek,S36,2015,375,Dry,peak,North,18.67413633,226.2116968
1,be,142,15,Deer Creek,S36,2015,376,Dry,peak,North,19.09854851,180.7995926
1,be,116,24,Mill Creek,S11,2016,145A,Dry,peak,South,30.55767762,147.6954418
1,be,101.3333333,24.66666667,Mill Creek,S11,2016,145B,Dry,peak,South,31.406502,129.0213054
1,be,107,17,Mill Creek,S11,2016,145B,Wet,peak,South,21.64502165,136.2363127
1,be,183.6666667,21.33333333,Mill Creek,S11,2016,146A,Dry,peak,South,27.1623801,233.8511162
1,be,89,21,Mill Creek,S11,2016,146A,Wet,peak,South,26.73796791,113.3180545
1,be,90,16.66666667,Mill Creek,S11,2016,146B,Dry,peak,South,21.22060946,114.5912911
1,be,88,10,Mill Creek,S11,2016,146B,Wet,peak,South,12.73236567,112.0448179
1,be,146,22.33333333,Mill Creek,S11,2016,147A,Dry,peak,South,28.43561667,185.8925388
1,be,142.6666667,19.66666667,Mill Creek,S11,2016,147B,Dry,peak,South,25.04031916,181.648417
1,be,83,12,Mill Creek,S11,2016,147B,Wet,peak,South,15.27883881,105.6786351
1,be,127,32.66666667,West Fork,S07,2010,38A,Dry,pre,South,41.59239454,161.7010441
1,be,128.6666667,18.33333333,West Fork,S07,2010,38A,Wet,pre,South,23.3426704,163.823105
1,be,152,31,West Fork,S07,2010,38B,Dry,pre,South,39.47033359,193.5319582
1,be,141,14,West Fork,S07,2010,38B,Wet,pre,South,17.82531194,179.526356
1,be,150,14,West Fork,S07,2010,39A,Dry,pre,South,17.82531194,190.9854851
1,be,152,15,West Fork,S07,2010,39A,Wet,pre,South,19.09854851,193.5319582
1,be,214,34,West Fork,S07,2010,39B,Dry,pre,South,43.29004329,272.4726254
1,be,138,15,West Fork,S07,2010,39B,Wet,pre,South,19.09854851,175.7066463
2,be,100,10,Sweetwater,S02,2010,1,Wet,pre,South,12.73236567,127.3236567
2,be,75,12,Sweetwater,S02,2010,3,Dry,pre,South,15.27883881,95.49274255
2,be,121,18,Sweetwater,S02,2010,3,Wet,pre,South,22.91825821,154.0616246
2,be,106,15,Sweetwater,S02,2010,4,Wet,pre,South,19.09854851,134.9630761
2,be,95,20,Sweetwater,S02,2010,6,Dry,pre,South,25.46473135,120.9574739
2,be,119,20,Sweetwater,S02,2010,6,Wet,pre,South,25.46473135,151.5151515
2,be,88,15,Sweetwater,S02,2010,7,Dry,pre,South,19.09854851,112.0448179
2,be,109,13,Sweetwater,S02,2010,7,Wet,pre,South,16.55207538,138.7827858
2,be,78,13,Sweetwater,S02,2010,8,Dry,pre,South,16.55207538,99.31245225
2,be,155,21,Sweetwater,S02,2010,8,Wet,pre,South,26.73796791,197.3516679
2,be,77,21,Sweetwater,S02,2014,28,Dry,peak,South,26.73796791,98.03921569
2,be,117,6,Sweetwater,S02,2014,28,Wet,peak,South,7.639419404,148.9686784
2,be,84,10,Sweetwater,S02,2014,29,Wet,peak,South,12.73236567,106.9518717
2,be,106,27,Sweetwater,S02,2014,35,Dry,peak,South,34.37738732,134.9630761
2,be,93,14,Sweetwater,S02,2014,35,Wet,peak,South,17.82531194,118.4110008
2,be,136,47,Sweetwater,S02,2014,36,Dry,peak,South,59.84211867,173.1601732
2,be,101,47,Sweetwater,S02,2014,37,Dry,peak,South,59.84211867,128.5968933
2,be,135,18,Sweetwater,S02,2014,37,Wet,peak,South,22.91825821,171.8869366
2,be,129,27,West Fork,S07,2010,40,Dry,pre,South,34.37738732,164.2475172
2,be,158,27,West Fork,S07,2010,40,Wet,pre,South,34.37738732,201.1713776
2,be,117,20,West Fork,S07,2010,41,Dry,pre,South,25.46473135,148.9686784
2,be,127,13,West Fork,S07,2010,41,Wet,pre,South,16.55207538,161.7010441
2,be,118,23,West Fork,S07,2014,49,Dry,peak,South,29.28444105,150.2419149
2,be,88,13,West Fork,S07,2014,49,Wet,peak,South,16.55207538,112.0448179
2,be,103,32,West Fork,S07,2014,51,Dry,peak,South,40.74357016,131.1433664
2,be,88,16,West Fork,S07,2014,52,Dry,peak,South,20.37178508,112.0448179
2,be,124,29,West Fork,S07,2014,54,Dry,peak,South,36.92386045,157.8813344
2,be,120,22,West Fork,S07,2014,54,Wet,peak,South,28.01120448,152.7883881
2,be,106,17,West Fork,S07,2014,55,Dry,peak,South,21.64502165,134.9630761
2,be,179,27,West Fork,S07,2014,55,Wet,peak,South,34.37738732,227.9093456
2,be,96,35,West Fork,S07,2014,57,Dry,peak,South,44.56327986,122.2307105
2,be,107,16,West Fork,S07,2014,57,Wet,peak,South,20.37178508,136.2363127
2,be,75,17,Mill Creek,S11,2010,119,Dry,pre,South,21.64502165,95.49274255
2,be,157,21,Mill Creek,S11,2010,119,Wet,pre,South,26.73796791,199.8981411
2,be,116,27,Mill Creek,S11,2010,120,Dry,pre,South,34.37738732,147.6954418
2,be,84,11,Mill Creek,S11,2010,120,Wet,pre,South,14.00560224,106.9518717
2,be,130,37,Mill Creek,S11,2010,121,Dry,pre,South,47.10975299,165.5207538
2,be,100,16,Mill Creek,S11,2010,121,Wet,pre,South,20.37178508,127.3236567
2,be,NA,27,Mill Creek,S11,2010,122,Wet,pre,South,34.37738732,#VALUE!
2,be,122,31,Mill Creek,S11,2010,123,Dry,pre,South,39.47033359,155.3348612
2,be,102,19,Mill Creek,S11,2010,124,Dry,pre,South,24.19149478,129.8701299
2,be,125,19,Mill Creek,S11,2010,124,Wet,pre,South,24.19149478,159.1545709
2,be,98,29,Mill Creek,S11,2010,125,Dry,pre,South,36.92386045,124.7771836
2,be,86,17,Mill Creek,S11,2010,125,Wet,pre,South,21.64502165,109.4983448
2,be,136,28,Mill Creek,S11,2016,144,Dry,peak,South,35.65062389,173.1601732
2,be,104,9,Rock Creek,S15,2010,148,Dry,pre,North,11.45912911,132.416603
2,be,113,14,Rock Creek,S15,2010,148,Wet,pre,North,17.82531194,143.8757321
2,be,112,12,Rock Creek,S15,2010,149,Dry,pre,North,15.27883881,142.6024955
2,be,112,14,Rock Creek,S15,2010,149,Wet,pre,North,17.82531194,142.6024955
2,be,114,11,Rock Creek,S15,2010,152,Dry,pre,North,14.00560224,145.1489687
2,be,116,10,Rock Creek,S15,2010,152,Wet,pre,North,12.73236567,147.6954418
2,be,118,12,Rock Creek,S15,2010,153,Dry,pre,North,15.27883881,150.2419149
2,be,129,23,Rock Creek,S15,2010,153,Wet,pre,North,29.28444105,164.2475172
2,be,153,30,Rock Creek,S15,2010,154,Dry,pre,North,38.19709702,194.8051948
2,be,66,9,Rock Creek,S15,2010,154,Wet,pre,North,11.45912911,84.03361345
2,be,141,19,Rock Creek,S15,2010,155,Dry,pre,North,24.19149478,179.526356
2,be,135,21,Rock Creek,S15,2010,155,Wet,pre,North,26.73796791,171.8869366
2,be,105,17,Rock Creek,S15,2015,164,Dry,peak,North,21.64502165,133.6898396
2,be,142,13,Rock Creek,S15,2015,164,Wet,peak,North,16.55207538,180.7995926
2,be,133,10,Rock Creek,S15,2015,166,Dry,peak,North,12.73236567,169.3404635
2,be,138,18,Rock Creek,S15,2015,167,Wet,peak,North,22.91825821,175.7066463
2,be,126,12,Rock Creek,S15,2015,169,Dry,peak,North,15.27883881,160.4278075
2,be,103,9,Rock Creek,S15,2015,169,Wet,peak,North,11.45912911,131.1433664
2,be,137,24,Rock Creek,S15,2015,170,Dry,peak,North,30.55767762,174.4334097
2,be,106,8,Rock Creek,S15,2015,170,Wet,peak,North,10.18589254,134.9630761
2,be,96,13,Rock Creek,S15,2015,172,Dry,peak,North,16.55207538,122.2307105
2,be,114,15,Rock Creek,S15,2015,172,Wet,peak,North,19.09854851,145.1489687
2,be,93,18,O'Neil Creek,S16,2010,183,Dry,pre,North,22.91825821,118.4110008
2,be,178,15,O'Neil Creek,S16,2010,183,Wet,pre,North,19.09854851,226.636109
2,be,92,16,O'Neil Creek,S16,2010,184,Dry,pre,North,20.37178508,117.1377642
2,be,78,17,O'Neil Creek,S16,2010,184,Wet,pre,North,21.64502165,99.31245225
2,be,114,21,O'Neil Creek,S16,2010,185,Dry,pre,North,26.73796791,145.1489687
2,be,163,22,O'Neil Creek,S16,2010,185,Wet,pre,North,28.01120448,207.5375605
2,be,57,15,O'Neil Creek,S16,2010,186,Dry,pre,North,19.09854851,72.57448434
2,be,128,18,O'Neil Creek,S16,2010,186,Wet,pre,North,22.91825821,162.9742806
2,be,150,25,O'Neil Creek,S16,2010,187,Wet,pre,North,31.83091418,190.9854851
2,be,97,25,O'Neil Creek,S16,2010,189,Dry,pre,North,31.83091418,123.503947
2,be,99,16,O'Neil Creek,S16,2010,189,Wet,pre,North,20.37178508,126.0504202
2,be,71,27,O'Neil Creek,S16,2010,190,Dry,pre,North,34.37738732,90.39979628
2,be,163,19,O'Neil Creek,S16,2010,190,Wet,pre,North,24.19149478,207.5375605
2,be,107,33,O'Neil Creek,S16,2016,211,Dry,peak,North,42.01680672,136.2363127
2,be,180,18,O'Neil Creek,S16,2016,211,Wet,peak,North,22.91825821,229.1825821
2,be,137,17,O'Neil Creek,S16,2016,212,Wet,peak,North,21.64502165,174.4334097
2,be,93,7,O'Neil Creek,S16,2016,213,Dry,peak,North,8.912655971,118.4110008
2,be,91,11,O'Neil Creek,S16,2016,217,Dry,peak,North,14.00560224,115.8645276
2,be,161,26,O'Neil Creek,S16,2016,217,Wet,peak,North,33.10415075,204.9910873
2,be,100,11,O'Neil Creek,S16,2016,218,Dry,peak,North,14.00560224,127.3236567
2,be,119,9,O'Neil Creek,S16,2016,218,Wet,peak,North,11.45912911,151.5151515
2,be,114,16,O'Neil Creek,S16,2016,219,Dry,peak,North,20.37178508,145.1489687
2,be,186,20,O'Neil Creek,S16,2016,219,Wet,peak,North,25.46473135,236.8220015
2,be,116,19,Deer Creek,S36,2011,342,Dry,pre,North,24.19149478,147.6954418
2,be,154,12,Deer Creek,S36,2011,342,Wet,pre,North,15.27883881,196.0784314
2,be,131,16,Deer Creek,S36,2011,343,Dry,pre,North,20.37178508,166.7939903
2,be,155,14,Deer Creek,S36,2011,343,Wet,pre,North,17.82531194,197.3516679
2,be,156,22,Deer Creek,S36,2011,344,Dry,pre,North,28.01120448,198.6249045
2,be,130,14,Deer Creek,S36,2011,344,Wet,pre,North,17.82531194,165.5207538
2,be,130,23,Deer Creek,S36,2011,345,Dry,pre,North,29.28444105,165.5207538
2,be,165,15,Deer Creek,S36,2011,345,Wet,pre,North,19.09854851,210.0840336
2,be,130,11,Deer Creek,S36,2011,346,Dry,pre,North,14.00560224,165.5207538
2,be,154,29,Deer Creek,S36,2011,346,Wet,pre,North,36.92386045,196.0784314
2,be,84,4,Deer Creek,S36,2011,348,Dry,pre,North,5.092946269,106.9518717
2,be,103,18,Deer Creek,S36,2011,348,Wet,pre,North,22.91825821,131.1433664
2,be,116,11,Deer Creek,S36,2011,349,Dry,pre,North,14.00560224,147.6954418
2,be,141,16,Deer Creek,S36,2011,349,Wet,pre,North,20.37178508,179.526356
2,be,155,21,Deer Creek,S36,2015,368,Dry,peak,North,26.73796791,197.3516679
2,be,148,22,Deer Creek,S36,2015,368,Wet,peak,North,28.01120448,188.439012
2,be,92,17,Deer Creek,S36,2015,371,Dry,peak,North,21.64502165,117.1377642
2,be,83,11,Deer Creek,S36,2015,372,Wet,peak,North,14.00560224,105.6786351
2,be,114,17,Deer Creek,S36,2015,373,Dry,peak,North,21.64502165,145.1489687
2,be,110,9,Deer Creek,S36,2015,373,Wet,peak,North,11.45912911,140.0560224
2,be,208,15,Deer Creek,S36,2015,374,Dry,peak,North,19.09854851,264.833206
2,be,113,24,Deer Creek,S36,2015,374,Wet,peak,North,30.55767762,143.8757321
2,be,121,17,Deer Creek,S36,2015,375,Dry,peak,North,21.64502165,154.0616246
2,be,132,19,Deer Creek,S36,2015,375,Wet,peak,North,24.19149478,168.0672269
2,be,115,22,Deer Creek,S36,2015,376,Dry,peak,North,28.01120448,146.4222052
2,be,136,8,Deer Creek,S36,2015,376,Wet,peak,North,10.18589254,173.1601732
3,be,110.7,14.7,Sweetwater,S02,2010,3,Wet,pre,South,18.71657754,140.947288
3,be,91,21.7,Sweetwater,S02,2010,4,Wet,pre,South,27.62923351,115.8645276
3,be,104,12,Sweetwater,S02,2010,8,Wet,pre,South,15.27883881,132.416603
3,be,96.7,16.7,Sweetwater,S02,2014,28,Wet,peak,South,21.26305067,123.1219761
3,be,106,16.7,Sweetwater,S02,2014,29,Wet,peak,South,21.26305067,134.9630761
3,be,53,11,Sweetwater,S02,2014,35,Wet,peak,South,14.00560224,67.48153807
3,be,97,13,West Fork,S07,2010,40,Wet,pre,South,16.55207538,123.503947
3,be,138,20.7,West Fork,S07,2010,41,Wet,pre,South,26.35599694,175.7066463
3,be,98.7,13,West Fork,S07,2014,49,Wet,peak,South,16.55207538,125.6684492
3,be,138,18.3,West Fork,S07,2014,51,Wet,peak,South,23.30022918,175.7066463
3,be,102.7,13.3,West Fork,S07,2014,52,Wet,peak,South,16.93404635,130.7613955
3,be,156.7,16.7,West Fork,S07,2014,54,Wet,peak,South,21.26305067,199.5161701
3,be,80,11,West Fork,S07,2014,55,Wet,peak,South,14.00560224,101.8589254
3,be,79.3,12.7,Mill Creek,S11,2010,120,Wet,pre,South,16.17010441,100.9676598
3,be,91.7,17,Mill Creek,S11,2010,121,Wet,pre,South,21.64502165,116.7557932
3,be,101,26.7,Mill Creek,S11,2010,122,Wet,pre,South,33.99541635,128.5968933
3,be,NA,NA,Mill Creek,S11,2010,124,Wet,pre,South,#VALUE!,#VALUE!
3,be,108,12.3,Mill Creek,S11,2010,125,Wet,pre,South,15.66080978,137.5095493
3,be,98.7,18.7,Mill Creek,S11,2016,144,Wet,peak,South,23.80952381,125.6684492
3,be,103,5.7,Rock Creek,S15,2010,149,Wet,pre,North,7.257448434,131.1433664
3,be,130,9,Rock Creek,S15,2010,149,Wet,pre,North,11.45912911,165.5207538
3,be,128,9,Rock Creek,S15,2010,153,Wet,pre,North,11.45912911,162.9742806
3,be,86.7,5.3,Rock Creek,S15,2010,153,Wet,pre,North,6.748153807,110.3896104
3,be,137.3,14.7,Rock Creek,S15,2010,154,Wet,pre,North,18.71657754,174.8153807
3,be,124.7,10.7,Rock Creek,S15,2015,164,Wet,peak,North,13.62363127,158.7725999
3,be,152,15.7,Rock Creek,S15,2015,166,Wet,peak,North,19.98981411,193.5319582
3,be,142,16.7,O'Neil Creek,S16,2010,183,Wet,pre,North,21.26305067,180.7995926
3,be,NA,NA,O'Neil Creek,S16,2010,184,Wet,pre,North,#VALUE!,#VALUE!
3,be,77.7,6,O'Neil Creek,S16,2010,187,Wet,pre,North,7.639419404,98.93048128
3,be,122.7,17,O'Neil Creek,S16,2010,189,Wet,pre,North,21.64502165,156.2261268
3,be,103.7,13.3,O'Neil Creek,S16,2010,190,Wet,pre,North,16.93404635,132.034632
3,be,143.7,19.3,O'Neil Creek,S16,2010,190,Wet,pre,North,24.57346575,182.9640947
3,be,113,13.3,O'Neil Creek,S16,2016,211,Wet,peak,North,16.93404635,143.8757321
3,be,159,23.3,O'Neil Creek,S16,2016,212,Wet,peak,North,29.66641202,202.4446142
3,be,105.3,20.3,O'Neil Creek,S16,2016,213,Wet,peak,North,25.84670232,134.0718105
3,be,158.7,23,O'Neil Creek,S16,2016,216,Wet,peak,North,29.28444105,202.0626432
3,be,161.3,11.3,O'Neil Creek,S16,2016,217,Wet,peak,North,14.38757321,205.3730583
3,be,141.3,14.3,O'Neil Creek,S16,2016,218,Wet,peak,North,18.20728291,179.908327
3,be,NA,NA,O'Neil Creek,S16,2016,219,Wet,peak,North,#VALUE!,#VALUE!
3,be,NA,NA,O'Neil Creek,S16,2016,219,Wet,peak,North,#VALUE!,#VALUE!
3,be,180.7,17,Deer Creek,S36,2011,343,Wet,pre,North,21.64502165,230.0738477
3,be,149.7,17.3,Deer Creek,S36,2011,345,Wet,pre,North,22.02699262,190.6035141
3,be,132.3,12,Deer Creek,S36,2011,346,Wet,pre,North,15.27883881,168.4491979
3,be,135.7,11.3,Deer Creek,S36,2011,346,Wet,pre,North,14.38757321,172.7782022
3,be,87.3,10.3,Deer Creek,S36,2011,348,Wet,pre,North,13.11433664,111.1535523
3,be,130.3,10.7,Deer Creek,S36,2011,348,Wet,pre,North,13.62363127,165.9027247
3,be,195.3,22.7,Deer Creek,S36,2015,371,Wet,peak,North,28.90247008,248.6631016
3,be,156.7,13,Deer Creek,S36,2015,373,Wet,peak,North,16.55207538,199.5161701
3,be,111,13,Deer Creek,S36,2015,374,Wet,peak,North,16.55207538,141.329259
3,be,141.7,12,Deer Creek,S36,2015,376,Wet,peak,North,15.27883881,180.4176216
3,be,96,20,Mill Creek,S11,2016,145A,Wet,peak,South,25.46473135,122.2307105
3,be,77,13.3,Mill Creek,S11,2016,145B,Wet,peak,South,16.93404635,98.03921569
3,be,74,20.5,Mill Creek,S11,2016,145B,Wet,peak,South,26.10134963,94.21950598
3,be,91.3,15,Mill Creek,S11,2016,146A,Wet,peak,South,19.09854851,116.2464986
3,be,69,10.5,Mill Creek,S11,2016,146A,Wet,peak,South,13.36898396,87.85332315
3,be,91.3,14.3,Mill Creek,S11,2016,147A,Wet,peak,South,18.20728291,116.2464986
3,be,NA,NA,Mill Creek,S11,2016,147B,Dry,peak,South,#VALUE!,#VALUE!
3,be,92.7,17.3,West Fork,S07,2010,38A,Wet,pre,South,22.02699262,118.0290298
3,be,80.3,11,West Fork,S07,2010,38A,Wet,pre,South,14.00560224,102.2408964
3,be,111.7,13.3,West Fork,S07,2010,38B,Wet,pre,South,16.93404635,142.2205246
3,be,141.5,18,West Fork,S07,2010,39B,Wet,pre,South,22.91825821,180.1629743