,X,obs,A,Ca,Ci,gsw,Tleaf,Q,ID,Treatment,Rep,Year,Site,PrePeak,Region
1,879,6,3.929352877,48.32552903,30.50398714,0.390334756,26.704,1199.999355,1,wet,1,2010,S02,Pre,South
2,1477,6,3.020633029,48.65958065,38.2722074,0.545707605,25.9933871,1199.987742,3,wet,1,2010,S02,Pre,South
3,554,6,3.950366315,48.30131935,32.25690435,0.440043869,25.97499677,1199.988387,3,dry,1,2010,S02,Pre,South
4,1620,6,-1.205422922,50.33656774,52.70400477,0.621694942,26.00587419,1199.989677,4,wet,1,2010,S02,Pre,South
5,240,6,4.27129305,48.26750968,-43.32955072,0.075430786,25.98577097,1199.990323,4,dry,1,2010,S02,Pre,South
6,1672,6,-3.335696473,51.21204839,63.21934225,0.425108506,26.01015806,1199.990645,5,wet,1,2010,S02,Pre,South
7,892,6,-2.713163454,51.03383226,74.32041095,0.17962681,25.98601935,1200.006129,5,dry,1,2010,S02,Pre,South
8,1399,6,2.644214715,48.9119871,-12.03718764,0.070576157,26.00687742,1200.002581,6,wet,1,2010,S02,Pre,South
9,424,6,-3.146062765,51.22674194,112.3173162,0.080783652,26.00436452,1200.000968,6,dry,1,2010,S02,Pre,South
10,1282,6,3.095820608,48.67181935,33.01574437,0.350942792,26.4059129,1200.010323,7,wet,1,2010,S02,Pre,South
11,671,6,-3.698506236,51.41614194,78.84216614,0.21068394,26.00772903,1199.988387,7,dry,1,2010,S02,Pre,South
12,1295,6,-1.236892877,50.38179032,55.23304329,0.348187824,26.00798387,1199.989677,8,wet,1,2010,S02,Pre,South
13,658,6,2.445974237,48.95786774,26.279776,0.183511425,26.00133548,1199.994194,8,dry,1,2010,S02,Pre,South
14,1165,6,-4.008837977,51.48337097,67.23196625,0.395747476,26.28875806,1199.994839,40,wet,1,2010,S07,Pre,South
15,1880,6,-3.55158507,51.3080129,64.52671698,0.414832026,25.98260968,1199.989677,40,dry,1,2010,S07,Pre,South
16,1126,6,-3.827249519,51.40519677,64.79385219,0.442285712,26.27850645,1199.990968,41,wet,1,2010,S07,Pre,South
17,32,6,4.156836149,48.28214516,1.703217507,0.147400255,25.96776129,1200.016452,41,dry,1,2010,S07,Pre,South
18,1243,6,4.166013768,48.21058065,34.53735814,0.558780756,25.97969355,1200.01129,119,wet,1,2010,S11,Pre,South
19,1867,6,-0.464453226,50.15983548,66.13472407,0.043217192,25.99803226,1199.994194,119,dry,1,2010,S11,Pre,South
20,1269,6,-1.355565905,50.4365,54.53600668,0.441429518,26.24536452,1200.003871,120,wet,1,2010,S11,Pre,South
21,1828,6,-1.00961082,50.34897097,59.12292062,0.164980436,25.99732581,1199.999355,120,dry,1,2010,S11,Pre,South
22,1685,6,-1.16072668,50.40915806,58.88282648,0.196690173,25.9927,1200.00129,121,wet,1,2010,S11,Pre,South
23,801,6,-3.078247879,51.19692903,165.8387442,0.042262523,25.97720968,1200.018387,121,dry,1,2010,S11,Pre,South
24,1737,6,-2.623375451,50.96369677,65.49883444,0.275159398,26.00242258,1200.003548,122,wet,1,2010,S11,Pre,South
25,1932,6,2.729444701,48.87862258,-19.21513473,0.065028501,25.99566774,1199.996452,122,dry,1,2010,S11,Pre,South
26,1035,6,-3.491842158,51.28055161,66.18323026,0.361505159,25.99632581,1200.005484,123,wet,1,2010,S11,Pre,South
27,645,6,-2.808756888,51.02412258,70.77955868,0.218976265,25.9971871,1200.001613,123,dry,1,2010,S11,Pre,South
28,918,6,-2.542517131,50.90265806,60.31746567,0.404351192,25.99663871,1200.026129,124,wet,1,2010,S11,Pre,South
29,1958,6,-0.603046743,50.20634839,57.08102579,0.121194845,26.00029677,1199.987742,124,dry,1,2010,S11,Pre,South
30,1815,6,3.706373444,48.4173,-1.449335495,0.122184604,25.98231935,1199.996129,125,dry,1,2010,S11,Pre,South
31,307,6,-0.838406311,50.19773871,51.70546974,0.577708707,25.99291613,1200.012258,148,wet,1,2010,S15,Pre,North
32,398,6,3.005414258,48.5412129,25.04469096,0.218124159,26.01449355,1200.02,148,dry,1,2010,S15,Pre,North
33,1217,6,4.087525434,48.29786129,25.05109909,0.303260041,25.98643548,1199.995484,149,wet,1,2010,S15,Pre,North
34,1854,6,3.870837153,48.33427097,32.23319462,0.428931536,25.9939129,1200.009355,149,dry,1,2010,S15,Pre,North
35,983,6,-0.826949641,50.2495871,53.24552349,0.337625187,25.99352581,1199.99871,152,wet,1,2010,S15,Pre,North
36,684,6,2.534426081,48.96164839,-22.55326696,0.057387483,25.9849871,1200.012258,152,dry,1,2010,S15,Pre,North
37,1178,6,3.095080687,48.65805484,34.3264352,0.38830585,26.40899677,1200.002903,153,wet,1,2010,S15,Pre,North
38,214,6,0.874725675,48.9070871,19.86094609,0.050723592,25.99138387,1199.981935,153,dry,1,2010,S15,Pre,North
39,1607,6,-1.004552165,50.23863871,56.04427966,0.237864645,26.23828387,1199.997742,154,wet,1,2010,S15,Pre,North
40,502,6,3.813131646,48.42405806,3.902644321,0.141535652,25.97820323,1200.00871,154,dry,1,2010,S15,Pre,North
41,1139,6,4.306931492,48.2122,16.27079779,0.227501869,25.98972581,1199.994194,155,wet,1,2010,S15,Pre,North
42,411,6,-3.334447323,51.14236452,123.7984244,0.072129747,25.98981613,1200.003548,155,dry,1,2010,S15,Pre,North
43,1490,6,-0.954341255,50.28420323,53.70451887,0.353306964,26.00813226,1199.969032,183,wet,1,2010,S16,Pre,North
44,749,6,-0.237466462,50.08313548,55.75111476,0.055548666,26.00919032,1200.00871,183,dry,1,2010,S16,Pre,North
45,1438,6,-0.653781456,50.20209355,53.62532175,0.236859389,26.00111613,1200.002258,184,wet,1,2010,S16,Pre,North
46,762,6,-1.077357402,50.15235161,59.16648878,0.173509177,25.99384194,1199.984194,184,dry,1,2010,S16,Pre,North
47,944,6,4.070744384,48.25726774,31.44293402,0.432408208,26.69374516,1200.016452,185,wet,1,2010,S16,Pre,North
48,45,6,1.010167232,48.75874516,-7.809131004,0.029225113,25.99612903,1200.006774,185,dry,1,2010,S16,Pre,North
49,931,6,3.130583327,48.65701935,31.7698254,0.326662805,26.00794516,1200.015161,186,wet,1,2010,S16,Pre,North
50,528,6,-0.349973012,50.11076129,54.02970285,0.111506558,25.9861871,1200.002581,186,dry,1,2010,S16,Pre,North
51,1100,6,-4.138815583,51.51772903,65.62292237,0.456825956,26.29461935,1199.989032,187,wet,1,2010,S16,Pre,North
52,123,6,-3.289949461,51.2216129,69.02197923,0.285626411,25.99514516,1200.002581,187,dry,1,2010,S16,Pre,North
53,1451,6,-0.868527405,50.25652258,53.40662764,0.339930873,26.23630645,1200.000323,189,wet,1,2010,S16,Pre,North
54,97,6,4.070123823,48.33613226,-10.47961408,0.113281185,25.96609355,1199.986774,189,dry,1,2010,S16,Pre,North
55,450,6,-0.760201968,50.24923226,55.8908236,0.181975579,26.23012903,1200.002903,190,wet,1,2010,S16,Pre,North
56,1841,6,1.029996666,48.7414871,-148.5880964,0.00833457,25.98879032,1200.007097,190,dry,1,2010,S16,Pre,North
57,1373,6,-0.768096648,50.2637871,57.64789702,0.145544163,26.19850645,1199.989677,342,wet,1,2011,S36,Pre,North
58,463,6,-2.778066109,51.08087419,107.0564451,0.077693519,25.99556452,1199.971935,342,dry,1,2011,S36,Pre,North
59,1347,6,2.772078128,48.74273871,39.36135661,0.563542127,26.41845484,1199.993871,343,wet,1,2011,S36,Pre,North
60,201,6,-0.848927934,50.25298065,53.23723179,0.349632445,25.98820323,1199.997742,343,dry,1,2011,S36,Pre,North
61,19,6,2.978351879,48.66979677,38.70357696,0.564871186,26.0134129,1200.009032,344,wet,1,2011,S36,Pre,North
62,567,6,-2.499225484,50.94399032,70.81459795,0.192972576,25.98649355,1199.992581,344,dry,1,2011,S36,Pre,North
63,736,6,2.518876002,48.89050645,36.01319183,0.352599881,26.00624839,1199.993226,345,wet,1,2011,S36,Pre,North
64,1997,6,-0.911454457,50.30726129,60.96256205,0.124748158,25.9970129,1200.02,345,dry,1,2011,S36,Pre,North
65,1061,6,-0.803232583,50.22078387,52.66576188,0.380199877,26.22620323,1199.99129,346,wet,1,2011,S36,Pre,North
66,110,6,-1.442830051,50.30310323,57.19801448,0.298795439,25.99677097,1199.981935,346,dry,1,2011,S36,Pre,North
67,1256,6,3.886854792,48.32565806,33.11582049,0.459903626,25.99278065,1199.99871,348,wet,1,2011,S36,Pre,North
68,853,6,4.084038382,48.35110323,-177.8555569,0.028816088,25.97989677,1200.000968,348,dry,1,2011,S36,Pre,North
69,1581,6,4.134067892,48.2395,30.16169704,0.405570318,26.70095806,1199.993871,349,wet,1,2011,S36,Pre,North
70,71,6,-0.775666206,50.28793871,91.4718664,0.029068804,25.99813871,1200.032581,349,dry,1,2011,S36,Pre,North
71,1425,6,4.050446033,48.28606129,23.77440506,0.283975298,26.00346452,1200.002258,38A,wet,1,2010,S07,Pre,South
72,1971,6,-2.905543845,51.08697419,71.65659929,0.217998671,25.99386774,1200.005161,38A,dry,1,2010,S07,Pre,South
73,1308,6,-1.009786961,50.2711129,52.24727066,0.580162102,26.24314516,1199.984516,38B,wet,1,2010,S07,Pre,South
74,697,6,3.724254099,48.45329677,3.082234627,0.135453894,25.9646871,1200.007419,38B,dry,1,2010,S07,Pre,South
75,1789,6,4.15830013,48.21791613,34.48023174,0.55545515,26.21611935,1200.008065,39A,wet,1,2010,S07,Pre,South
76,1802,6,-2.705107465,51.06936774,122.6378607,0.059247514,26.00259032,1199.99871,39A,dry,1,2010,S07,Pre,South
77,1529,6,3.992573798,48.32069032,25.28729761,0.299028044,25.98433871,1200.002581,39B,wet,1,2010,S07,Pre,South
78,279,6,2.747568032,48.83502258,29.5526598,0.246632712,25.95355484,1200.003548,39B,dry,1,2010,S07,Pre,South
79,6,6,-0.283655609,49.9019,49.49881911,0.667885829,26.0100375,1200.02,1,wet,2,2010,S02,Pre,South
80,19,6,1.537900728,49.27748065,40.63105273,0.349603683,25.98609032,1199.989677,119,dry,2,2010,S11,Pre,South
81,32,6,1.230113838,49.26953548,45.46964139,0.855138548,26.01333871,1199.989355,119,wet,2,2010,S11,Pre,South
82,45,6,0.10390757,49.8278375,48.30926267,0.552842468,25.9845,1200,120,dry,2,2010,S11,Pre,South
83,58,6,0.520861216,49.5364,46.57654236,0.499692884,25.99567778,1199.99,120,wet,2,2010,S11,Pre,South
84,71,6,1.950988599,49.15567667,26.30544602,0.146672181,25.97500667,1199.996333,121,dry,2,2010,S11,Pre,South
85,84,6,0.402744935,49.61888065,47.45377216,0.760387143,25.99596774,1200.009355,121,wet,2,2010,S11,Pre,South
86,97,6,0.175772619,49.83736667,46.31984205,0.131276421,25.97391111,1200.008889,122,dry,2,2010,S11,Pre,South
87,110,6,-1.202539227,50.25775556,51.71305255,0.82534298,26.00752222,1200.017778,122,wet,2,2010,S11,Pre,South
88,123,6,-0.063088457,49.88833333,48.86070717,0.480012999,25.99312222,1199.98,123,dry,2,2010,S11,Pre,South
89,136,6,-0.139278203,49.75680323,48.80026749,1.095398849,26.00439355,1200.012903,123,wet,2,2010,S11,Pre,South
90,149,6,0.128779502,49.80343333,48.02232734,0.410813408,25.99064444,1200.008889,124,dry,2,2010,S11,Pre,South
91,162,6,-0.521709993,49.97388889,50.01511073,0.789006239,25.99468889,1199.995556,124,wet,2,2010,S11,Pre,South
92,175,6,0.933871511,49.50832258,43.78568709,0.351669879,25.97403871,1200.005484,125,dry,2,2010,S11,Pre,South
93,188,6,1.033978444,49.51867419,37.77008035,0.163818334,25.99898387,1199.997097,125,wet,2,2010,S11,Pre,South
94,383,6,1.605483568,49.21270645,41.77313232,0.443295692,26.00907742,1199.999355,148,dry,2,2010,S15,Pre,North
95,396,6,-0.388493328,49.91283871,49.49840774,0.85660973,25.99966129,1200.019677,148,wet,2,2010,S15,Pre,North
96,409,6,0.160134839,49.87633333,46.81016,0.147289458,26.00955556,1199.966667,149,dry,2,2010,S15,Pre,North
97,422,6,0.978469766,49.37788065,41.14211308,0.236788985,26.0109871,1199.965161,149,wet,2,2010,S15,Pre,North
98,435,6,-0.149810492,49.88514444,49.17137697,0.524595699,26.00197778,1199.977778,152,dry,2,2010,S15,Pre,North
99,448,6,-0.304450824,49.91501111,49.44171324,0.855607544,25.98933333,1200.01,152,wet,2,2010,S15,Pre,North
100,461,6,-0.255118181,49.89648889,49.44390648,0.59435208,26.01427778,1199.991111,153,dry,2,2010,S15,Pre,North
101,474,6,-0.614811348,49.99000645,50.02476361,0.883267293,25.99647742,1199.995806,153,wet,2,2010,S15,Pre,North
102,487,6,1.655957606,49.20639667,40.81994724,0.392992537,25.99863333,1200.023667,154,dry,2,2010,S15,Pre,North
103,500,6,0.600916501,49.39798889,45.6533519,0.404921547,26.0022,1200.026667,154,wet,2,2010,S15,Pre,North
104,513,6,0.571087579,49.67193333,45.76031324,0.360558321,25.99045556,1200.026667,155,dry,2,2010,S15,Pre,North
105,526,6,0.114186872,49.88903333,46.69780092,0.100701031,25.98828889,1200.002222,155,wet,2,2010,S15,Pre,North
106,708,6,1.675050507,49.1574129,42.66081803,0.547688667,25.99279677,1199.996774,183,dry,2,2010,S16,Pre,North
107,721,6,0.397079491,49.6818,47.5269947,0.678694216,26.00908889,1199.96,183,wet,2,2010,S16,Pre,North
108,734,6,0.229834972,49.80371111,47.11643295,0.273922341,25.98904444,1200.025556,184,dry,2,2010,S16,Pre,North
109,747,6,-0.4512055,49.98288889,49.91726735,0.734391174,26.00884444,1200.014444,184,wet,2,2010,S16,Pre,North
110,760,6,-0.15529424,49.90513333,49.18981289,0.527669445,26.00735556,1199.977778,185,dry,2,2010,S16,Pre,North
111,773,6,0.301238197,49.81695484,45.56225184,0.173013306,25.98983548,1200.011613,185,wet,2,2010,S16,Pre,North
112,786,6,1.483553042,49.26857097,42.46756738,0.454597565,25.99854839,1200.002903,186,dry,2,2010,S16,Pre,North
113,799,6,0.301871919,49.65511613,47.7775316,0.819463512,26.00947097,1200.009032,186,wet,2,2010,S16,Pre,North
114,812,6,-0.200070662,49.8495,49.19238007,0.840709568,26.00562222,1200.024444,187,wet,2,2010,S16,Pre,North
115,825,6,-0.049244602,49.88837778,48.85404391,0.300108043,25.99222222,1199.995556,189,dry,2,2010,S16,Pre,North
116,838,6,-1.024700872,50.17284444,54.21047261,0.31929326,25.98361111,1199.95,189,wet,2,2010,S16,Pre,North
117,851,6,-0.007329831,49.9344125,48.68741664,0.174422281,25.9842875,1200.00625,190,dry,2,2010,S16,Pre,North
118,864,6,0.114983377,49.8693871,47.37111247,0.185217587,25.98595484,1200.025484,190,wet,2,2010,S16,Pre,North
119,1072,6,1.61469107,49.15500968,43.90074814,0.699849577,26.00990968,1199.991935,3,dry,2,2010,S02,Pre,South
120,1085,6,-0.004925527,49.78564839,48.54688607,0.721709756,26.00165161,1200.012258,3,wet,2,2010,S02,Pre,South
121,1137,6,1.342697813,49.26710645,44.6700688,0.695325402,26.00565806,1200.023548,342,dry,2,2011,S36,Pre,North
122,1150,6,1.531837442,49.26378387,40.43968125,0.345999166,25.99721935,1200.001613,342,wet,2,2011,S36,Pre,North
123,1163,6,0.257079434,49.74094444,47.73515035,0.556885584,25.9997,1200,343,dry,2,2011,S36,Pre,North
124,1176,6,-0.645286544,49.97277778,50.28281905,0.789679021,25.99407778,1199.955556,343,wet,2,2011,S36,Pre,North
125,1189,6,0.747772712,49.41526667,43.8834473,0.290571195,25.98902222,1200.046667,344,dry,2,2011,S36,Pre,North
126,1202,6,-0.165132367,49.86048889,49.12129808,0.685832789,26.00847778,1200.031111,344,wet,2,2011,S36,Pre,North
127,1215,6,1.875093529,49.15258,35.24716714,0.244938224,25.99127667,1199.995,345,dry,2,2011,S36,Pre,North
128,1228,6,-0.16266305,49.7743,48.89231845,1.198217065,25.98282581,1200.003548,345,wet,2,2011,S36,Pre,North
129,1241,6,0.097629305,49.78445556,48.26925644,0.55978771,26.00686667,1199.984444,346,dry,2,2011,S36,Pre,North
130,1254,6,-0.29699773,49.86092222,49.31591078,1.10073099,26.00298889,1200.022222,346,wet,2,2011,S36,Pre,North
131,1267,6,1.859189577,49.15170968,37.47552258,0.297280853,25.99941935,1200.000968,348,dry,2,2011,S36,Pre,North
132,1280,6,-0.098756803,49.8436,48.92030277,0.646042666,25.99687778,1199.987778,348,wet,2,2011,S36,Pre,North
133,1293,6,1.86799839,49.12314516,40.18463826,0.412264703,25.99779032,1200.014839,349,dry,2,2011,S36,Pre,North
134,1306,6,0.651543572,49.49867097,46.97124654,0.879466256,25.98484839,1200.014516,349,wet,2,2011,S36,Pre,North
135,1592,6,1.169633373,49.45811935,37.68458755,0.182035638,25.97641613,1199.98871,38a,dry,2,2010,S07,Pre,South
136,1605,6,0.992391493,49.5087129,41.06335281,0.232187732,25.99501613,1199.980323,38a,wet,2,2010,S07,Pre,South
137,1618,6,1.768439623,49.17560968,37.89278315,0.294033472,25.98166452,1199.992581,38b,dry,2,2010,S07,Pre,South
138,1631,6,0.325605343,49.76635556,46.88541911,0.335852053,25.99576667,1200.014444,38b,wet,2,2010,S07,Pre,South
139,1644,6,-0.407935687,50.01022222,50.19772354,0.491848585,25.98534444,1199.991111,39a,dry,2,2010,S07,Pre,South
140,1657,6,0.183060633,49.72222903,48.03751792,0.709889471,25.98129355,1199.976452,39a,wet,2,2010,S07,Pre,South
141,1670,6,-1.184461838,50.21813333,51.67983598,0.811089775,26.00627778,1200.021111,39b,wet,2,2010,S07,Pre,South
142,1683,6,0.399737397,49.63486129,47.49606004,0.774831847,25.98807419,1200.018387,4,wet,2,2010,S02,Pre,South
143,1696,6,1.222487887,49.43300968,37.5865541,0.189042872,25.99959032,1199.969677,40,dry,2,2010,S07,Pre,South
144,1709,6,1.665301008,49.36642581,66.54953384,-0.136353989,25.98925484,1199.984194,40,wet,2,2010,S07,Pre,South
145,1722,6,1.395641628,49.28660968,43.87790335,0.579478922,26.00510645,1200.000323,41,dry,2,2010,S07,Pre,South
146,1735,6,0.934688963,49.34275484,46.60593511,1.096009013,26.00635484,1200.006774,41,wet,2,2010,S07,Pre,South
147,1774,6,0.84151299,49.46382333,46.30004199,0.77312978,25.98994333,1199.991333,5,wet,2,2010,S02,Pre,South
148,1917,6,0.127937892,49.83255556,47.97611194,0.363389659,25.99972222,1200.018889,6,dry,2,2010,S02,Pre,South
149,1930,6,-0.262850393,49.87166667,49.3586936,0.81298874,25.99836667,1199.992222,6,wet,2,2010,S02,Pre,South
150,1943,6,1.206666474,49.39047419,42.4662345,0.357713913,25.98072581,1200.011935,7,dry,2,2010,S02,Pre,South
151,1956,6,1.423002785,49.31526774,40.80272733,0.334967031,26.00275161,1199.995484,7,wet,2,2010,S02,Pre,South
152,1969,6,-0.454563407,49.97476667,49.95400734,0.696809814,25.99625556,1199.981111,8,dry,2,2010,S02,Pre,South
153,1982,6,0.002250816,49.775,48.6612905,0.866987982,25.99415556,1199.968889,8,wet,2,2010,S02,Pre,South
154,6,6,-0.698630459,50.00483548,50.39480033,0.765424569,26.01428065,1199.968387,1,dry,3,2010,S02,Pre,South
155,19,6,0.131868642,49.71231613,48.1995416,0.780310169,25.9984871,1200.008387,1,wet,3,2010,S02,Pre,South
156,32,6,-0.115873368,49.87053548,48.95025821,0.541474722,25.99382581,1200.002258,119,dry,3,2010,S11,Pre,South
157,45,6,-0.096340229,49.85628065,48.86055336,0.623844806,26.00046129,1199.987419,119,wet,3,2010,S11,Pre,South
158,58,6,-1.795903121,50.52404,54.43209719,0.601861479,26.03930333,1199.983667,120,dry,3,2010,S11,Pre,South
159,71,6,-2.121416917,50.72085,58.29029759,0.401842372,25.95757,1200.012333,120,wet,3,2010,S11,Pre,South
160,84,6,-0.152194656,49.94932903,49.42386906,0.293340104,25.97053548,1200.001935,121,dry,3,2010,S11,Pre,South
161,97,6,0.109307734,49.79436129,48.10386599,0.473400813,26.00035806,1200.026452,121,wet,3,2010,S11,Pre,South
162,110,6,-0.649456862,50.15654839,52.64026425,0.27635356,25.99653548,1200.013871,122,dry,3,2010,S11,Pre,South
163,123,6,-0.606993962,50.02895333,50.3574515,0.661876249,26.00476,1200.006333,122,wet,3,2010,S11,Pre,South
164,136,6,-1.84813203,50.62809032,59.21874871,0.308220528,25.98284516,1199.999677,123,dry,3,2010,S11,Pre,South
165,149,6,-0.884637366,50.13332258,50.91639089,0.773858306,26.0150129,1200.003871,123,wet,3,2010,S11,Pre,South
166,162,6,-0.519547699,49.94144839,49.76200559,0.891796118,25.99071613,1199.999355,124,dry,3,2010,S11,Pre,South
167,175,6,-0.372456102,49.87130645,49.3397872,1.055152758,25.98454194,1199.999677,124,wet,3,2010,S11,Pre,South
168,188,6,-2.374443675,50.81208333,58.50880958,0.446994148,26.01676,1199.987667,125,dry,3,2010,S11,Pre,South
169,201,6,-2.308369144,50.73355667,55.47940121,0.677278346,25.99461667,1200.000333,125,wet,3,2010,S11,Pre,South
170,396,6,-0.693676233,50.04071935,50.36171288,0.801961763,26.0149871,1200.025161,148,dry,3,2010,S15,Pre,North
171,409,6,-2.209096686,50.72695667,56.70549062,0.520363844,25.98287667,1200.027667,148,wet,3,2010,S15,Pre,North
172,422,6,-2.122071408,50.70682667,56.77489554,0.493524165,26.03343333,1199.992667,149,dry,3,2010,S15,Pre,North
173,435,6,-2.312602477,50.78380333,58.24612861,0.446784048,25.97614667,1199.988667,149,wet,3,2010,S15,Pre,North
174,448,6,-1.880397007,50.58535,54.65550811,0.6136206,25.86557667,1199.994,152,dry,3,2010,S15,Pre,North
175,461,6,-2.14966331,50.74180667,59.02718659,0.375378139,25.99233,1200.017333,152,wet,3,2010,S15,Pre,North
176,474,6,-2.312903022,50.80669032,57.71709303,0.479567351,25.90250968,1199.968387,153,dry,3,2010,S15,Pre,North
177,487,6,-2.057566452,50.68105,57.58488786,0.421962042,25.97791,1200,153,wet,3,2010,S15,Pre,North
178,500,6,-1.819225812,50.54229333,54.06318084,0.669700804,26.0299,1199.989333,154,dry,3,2010,S15,Pre,North
179,513,6,-2.152787698,50.66345806,54.97041091,0.681707112,26.02169355,1200.028065,154,wet,3,2010,S15,Pre,North
180,526,6,-0.504448791,50.01457419,50.20057897,0.586889512,26.00712258,1199.995484,155,dry,3,2010,S15,Pre,North
181,539,6,-2.294150972,50.71967,55.42693208,0.678801098,25.99113667,1200.000333,155,wet,3,2010,S15,Pre,North
182,708,6,-1.947399213,50.67450667,65.03641055,0.20153581,25.97768667,1199.974333,183,dry,3,2010,S16,Pre,North
183,721,6,-2.006872082,50.67737333,58.58155534,0.363043906,25.97688333,1200.004333,183,wet,3,2010,S16,Pre,North
184,734,6,-2.221712891,50.7340129,56.31188176,0.560529024,26.1723,1199.993226,184,dry,3,2010,S16,Pre,North
185,747,6,-2.22399184,50.71410333,56.73343118,0.520141381,25.97557667,1199.991,184,wet,3,2010,S16,Pre,North
186,760,6,0.01433521,49.87193871,48.4635277,0.36018552,25.98856129,1200.001935,185,dry,3,2010,S16,Pre,North
187,773,6,0.090777474,49.82109333,48.17537521,0.440398087,25.99569,1199.987667,185,wet,3,2010,S16,Pre,North
188,786,6,-2.008709396,50.62036667,55.11387218,0.60823982,26.00280333,1199.992667,186,dry,3,2010,S16,Pre,North
189,799,6,-2.216660999,50.70618,55.95487441,0.591309209,25.98819333,1199.996667,186,wet,3,2010,S16,Pre,North
190,812,6,-1.432137153,50.47502258,58.5257341,0.247250829,25.99572903,1199.996452,187,dry,3,2010,S16,Pre,North
191,825,6,-0.851836685,50.2291,54.03746572,0.270860424,26.00084839,1200.004516,187,wet,3,2010,S16,Pre,North
192,838,6,-0.956629648,50.22048065,52.9848,0.390449376,25.9865,1199.985484,189,dry,3,2010,S16,Pre,North
193,851,6,-0.437418946,50.02377742,50.34939966,0.45155224,25.99823548,1199.987742,189,wet,3,2010,S16,Pre,North
194,864,6,-0.448030226,50.0168,50.14204513,0.540304187,25.98906452,1199.988065,190,dry,3,2010,S16,Pre,North
195,877,6,-0.201574986,49.95128387,49.42934591,0.420380126,26.00722903,1199.995484,190,wet,3,2010,S16,Pre,North
196,1111,6,-2.009691816,50.60272333,54.19127245,0.737817407,25.99269,1200.003667,3,dry,3,2010,S02,Pre,South
197,1124,6,0.599485161,49.50955484,47.18694648,0.945361832,26.00051613,1200.007419,3,wet,3,2010,S02,Pre,South
198,1163,6,-1.98192714,50.62993333,56.21863278,0.491732805,26.02965667,1200.017,342,dry,3,2011,S36,Pre,North
199,1176,6,-2.090712725,50.62735333,54.4715465,0.728900677,26.02179333,1199.977333,342,wet,3,2011,S36,Pre,North
200,1189,6,-1.897559111,50.62687,57.47387523,0.390783384,25.99097333,1199.977333,343,dry,3,2011,S36,Pre,North
201,1202,6,-1.991749326,50.58192667,54.12066819,0.737551029,26.02131667,1199.990667,343,wet,3,2011,S36,Pre,North
202,1215,6,-1.847924464,50.59316,56.03913562,0.469755332,26.01407,1199.978,344,dry,3,2011,S36,Pre,North
203,1228,6,-0.565012023,50.01690323,50.23106744,0.670363975,25.98430323,1199.997419,344,wet,3,2011,S36,Pre,North
204,1241,6,-1.949430922,50.69554667,59.53967722,0.317666539,26.07876,1200,345,dry,3,2011,S36,Pre,North
205,1254,6,-2.180783054,50.68774839,55.32816727,0.646242769,25.99369355,1200.012258,345,wet,3,2011,S36,Pre,North
206,1267,6,-1.612769056,50.40896774,52.38833973,0.915663374,26.0157871,1199.996774,346,dry,3,2011,S36,Pre,North
207,1280,6,-0.513626095,49.97966774,49.83355539,0.868927491,26.00271935,1199.983548,346,wet,3,2011,S36,Pre,North
208,1293,6,-2.453992096,50.79717097,57.25608719,0.539957234,26.00783226,1199.999355,348,dry,3,2011,S36,Pre,North
209,1306,6,-0.98012075,50.15393871,51.04373115,0.829803975,26.02199032,1199.990323,348,wet,3,2011,S36,Pre,North
210,1319,6,-1.906076231,50.57870333,54.66005115,0.621868366,25.98510333,1200.003,349,dry,3,2011,S36,Pre,North
211,1332,6,-2.053539002,50.63463,55.01954349,0.636063917,26.02422667,1200.015333,349,wet,3,2011,S36,Pre,North
212,1553,6,-0.184049798,49.90509032,49.20262779,0.541607922,26.00043226,1199.998065,38a,dry,3,2010,S07,Pre,South
213,1566,6,0.014021164,49.80306452,48.47572073,0.61842229,26.00462903,1200.015161,38a,wet,3,2010,S07,Pre,South
214,1579,6,0.287581754,49.67200323,47.69865971,0.679125972,26.00180968,1200.010645,38b,wet,3,2010,S07,Pre,South
215,1592,6,-1.923691438,50.60168387,55.50390973,0.535590791,26.02420323,1200.008065,39a,dry,3,2010,S07,Pre,South
216,1605,6,-0.089355922,49.83123871,48.81610992,0.66597277,26.00209677,1199.996774,39a,wet,3,2010,S07,Pre,South
217,1618,6,-1.043360431,50.16932258,51.14164151,0.854338921,26.01160645,1200.009355,39b,dry,3,2010,S07,Pre,South
218,1631,6,-0.199787579,49.88692581,49.19569939,0.618006439,25.99231613,1200.005484,39b,wet,3,2010,S07,Pre,South
219,1644,6,-0.727243084,50.01841613,50.14573769,1.004481329,26.00114194,1200.01871,4,dry,3,2010,S02,Pre,South
220,1657,6,-0.050132316,49.82566452,48.71805519,0.641385951,25.99950968,1200.023226,4,wet,3,2010,S02,Pre,South
221,1670,6,-0.335219211,50.05680968,51.30061515,0.208170244,25.9836129,1200.013548,40,dry,3,2010,S07,Pre,South
222,1683,6,-1.854892696,50.59262667,55.98321478,0.47020085,25.978,1199.993667,40,wet,3,2010,S07,Pre,South
223,1696,6,-2.145026848,50.67431667,55.71045603,0.589948944,25.97353,1199.980333,41,dry,3,2010,S07,Pre,South
224,1709,6,-2.030232624,50.69643871,59.34341586,0.339305526,25.99153548,1199.981935,41,wet,3,2010,S07,Pre,South
225,1878,6,-0.3499607,50.00733871,50.16880287,0.394916917,26.00318065,1200.016129,6,dry,3,2010,S02,Pre,South
226,1891,6,-0.103307828,49.91424194,49.06695241,0.328895955,25.99757419,1199.992903,6,wet,3,2010,S02,Pre,South
227,1904,6,-2.068822614,50.75111,65.32435265,0.212295162,25.99525333,1199.997333,7,dry,3,2010,S02,Pre,South
228,1917,6,-2.172153324,50.70393667,57.24076939,0.472240094,26.04800667,1200.012333,7,wet,3,2010,S02,Pre,South
229,1930,6,-0.353353649,49.8612871,49.285062,1.159252459,26.01694839,1199.994516,8,dry,3,2010,S02,Pre,South
230,1943,6,0.31701783,49.7557,46.6277027,0.302818773,25.99850968,1200.007097,8,wet,3,2010,S02,Pre,South
231,593,6,3.742234294,48.38931935,33.73373399,0.459635378,26.00382581,1200.001613,28,wet,1,2014,S02,Peak,South
232,266,6,3.990317914,48.36745161,1217.68022,-0.00539108,25.99010968,1200.00129,28,dry,1,2014,S02,Peak,South
233,1204,6,3.328248666,48.58956452,23.14967776,0.224525198,26.40570645,1199.981613,29,wet,1,2014,S02,Peak,South
234,385,6,-1.443995209,50.4971129,59.26454267,0.240469242,25.97778387,1200.003548,29,dry,1,2014,S02,Peak,South
235,1503,6,4.185794989,48.30286452,-24.62564181,0.093358233,25.98256452,1200.009355,31,wet,1,2014,S02,Peak,South
236,840,6,3.708325457,48.43695161,25.48988216,0.278029818,25.97952258,1199.994194,31,dry,1,2014,S02,Peak,South
237,1542,6,4.219412369,48.22945161,23.26795034,0.290560471,26.67703871,1200.003548,34,wet,1,2014,S02,Peak,South
238,632,6,-3.781912821,51.4235129,100.4234832,0.121231644,25.9975871,1199.988387,34,dry,1,2014,S02,Peak,South
239,1048,6,-3.956289965,51.47473548,67.42698901,0.384953572,25.98481935,1200.000645,35,wet,1,2014,S02,Peak,South
240,775,6,3.073493682,48.7163871,0.838828954,0.105399934,26.00327742,1200.023871,35,dry,1,2014,S02,Peak,South
241,1516,6,3.063278572,48.67799032,33.01613561,0.347270045,25.99144839,1199.997742,36,wet,1,2014,S02,Peak,South
242,814,6,2.303625272,49.0369129,15.53999029,0.114210114,25.99014516,1200.001613,36,dry,1,2014,S02,Peak,South
243,1334,6,-1.064209894,50.34410645,55.41456302,0.285321047,25.99363226,1200.000968,37,wet,1,2014,S02,Peak,South
244,710,6,2.947749906,48.7307,26.96222235,0.232366836,26.00531613,1200.004516,37,dry,1,2014,S02,Peak,South
245,1386,6,4.164389075,48.21572581,33.85582419,0.527793566,25.98479355,1199.992581,49,wet,1,2014,S07,Peak,South
246,1984,6,-0.707546031,50.2193129,55.55223554,0.178378277,25.99300323,1199.992903,49,dry,1,2014,S07,Peak,South
247,1022,6,-0.554811081,50.14894194,52.56604312,0.26173975,26.0001871,1200.024516,51,wet,1,2014,S07,Peak,South
248,1893,6,-2.806085857,51.04484194,69.21620672,0.237314522,25.98775484,1199.997419,51,dry,1,2014,S07,Peak,South
249,1230,6,-2.515660183,50.90736452,61.09282587,0.370985444,25.99494194,1199.985484,52,wet,1,2014,S07,Peak,South
250,515,6,3.524024675,48.55103871,-17.64259468,0.086666131,25.97151613,1199.993871,52,dry,1,2014,S07,Peak,South
251,905,6,-0.683044416,50.21042903,54.53360764,0.205402954,25.99379032,1199.995806,54,wet,1,2014,S07,Peak,South
252,619,6,4.207134426,48.267,-20.84035291,0.099183866,25.96563226,1199.989677,54,dry,1,2014,S07,Peak,South
253,489,6,2.55541268,48.93118387,18.05275671,0.138175683,26.00591935,1199.999355,55,dry,1,2014,S07,Peak,South
254,1009,6,-1.044635919,50.29365484,53.20262911,0.444016701,25.99892903,1199.996774,57,wet,1,2014,S07,Peak,South
255,227,6,4.555807826,48.15959355,-24.98573849,0.10141154,25.96534194,1199.991613,57,dry,1,2014,S07,Peak,South
256,1724,6,3.161737504,48.5995871,36.63414483,0.486717979,25.99221613,1199.973226,144,wet,1,2016,S11,Peak,South
257,1906,6,-0.829518423,50.24750968,57.69433011,0.156892602,26.00341935,1200.003226,144,dry,1,2016,S11,Peak,South
258,1191,6,-3.992497924,51.46212581,66.66494113,0.408343914,26.29744194,1199.991613,164,wet,1,2015,S15,Peak,North
259,149,6,0.949195543,48.81257742,16.58712156,0.048764111,26.0137,1999.986774,164,dry,1,2015,S15,Peak,North
260,1321,6,-3.983369688,51.52866452,84.1926035,0.191082052,26.28493871,1199.999677,166,wet,1,2015,S15,Peak,North
261,294,6,1.074985233,48.63585484,17.86243692,0.05897477,25.96529677,1200.033226,166,dry,1,2015,S15,Peak,North
262,1113,6,4.093780257,48.22880968,35.35246104,0.588323859,25.97872258,1200.01,167,wet,1,2015,S15,Peak,North
263,866,6,2.464851944,48.90007097,38.73159894,0.451342998,25.9961871,1200.003226,167,dry,1,2015,S15,Peak,North
264,1763,6,3.09855147,48.67665806,29.51946483,0.281021323,25.99785484,1200.015161,169,wet,1,2015,S15,Peak,North
265,476,6,-0.527615232,50.17943871,66.02320837,0.049449507,25.98275161,1200,169,dry,1,2015,S15,Peak,North
266,1152,6,2.998251429,48.67935806,35.82040728,0.424064916,26.41613871,1200.006774,170,wet,1,2015,S15,Peak,North
267,253,6,0.968454479,48.77554194,23.82746133,0.066235176,25.98886452,1199.988065,170,dry,1,2015,S15,Peak,North
268,957,6,3.100449729,48.64392581,34.11223388,0.382546984,26.00087097,1199.993548,172,wet,1,2015,S15,Peak,North
269,320,6,-0.838203563,50.29517742,64.54508858,0.087248381,25.97600645,1200.014194,172,dry,1,2015,S15,Peak,North
270,1568,6,4.20905752,48.22037097,28.26737041,0.369744355,25.97753548,1200.001935,211,wet,1,2016,S16,Peak,North
271,175,6,4.46555439,48.18586129,-24.41772067,0.100139405,25.98296452,1199.984516,211,dry,1,2016,S16,Peak,North
272,1776,6,-3.050307009,50.99021935,71.5574075,0.229490208,25.99406129,1199.990968,212,wet,1,2016,S16,Peak,North
273,2023,6,-0.752205298,50.26128065,61.80060854,0.095006747,26.00072258,1199.991613,212,dry,1,2016,S16,Peak,North
274,6,6,-3.986821425,51.4482,64.06542412,0.490108535,25.99163226,1200.002581,213,wet,1,2016,S16,Peak,North
275,188,6,-2.895634707,51.14022903,158.6133027,0.042368656,25.98885484,1199.990645,213,dry,1,2016,S16,Peak,North
276,1074,6,-4.354274921,51.59410645,69.19922438,0.38681245,25.9989129,1199.988387,216,wet,1,2016,S16,Peak,North
277,2036,6,3.070529889,48.38916129,-93.01271036,0.034789769,26.00153871,1200.003548,216,dry,1,2016,S16,Peak,North
278,1698,6,3.11766845,48.60826452,37.99779751,0.550304363,26.00891613,1199.999032,217,wet,1,2016,S16,Peak,North
279,2010,6,-2.553505887,50.94713548,68.74201521,0.219858876,25.99417419,1200.002258,217,dry,1,2016,S16,Peak,North
280,996,6,-2.634874167,50.96687097,61.98229612,0.361362959,25.9947129,1200.010645,218,wet,1,2016,S16,Peak,North
281,606,6,-2.695062276,51.01510968,71.71625827,0.200259539,25.99114516,1200.012903,218,dry,1,2016,S16,Peak,North
282,1633,6,3.045752136,48.68656774,33.3847359,0.354815597,26.40277742,1200.008387,219,wet,1,2016,S16,Peak,North
283,580,6,-3.178544255,51.22904194,98.3396963,0.105610326,25.98460323,1199.990645,219,dry,1,2016,S16,Peak,North
284,1594,6,3.91079924,48.29315806,34.22947123,0.506826373,26.69647419,1199.991935,368,wet,1,2015,S36,Peak,North
285,1945,6,3.890968638,48.37456452,21.62651315,0.247549764,25.94934516,1200.000323,368,dry,1,2015,S36,Peak,North
286,1646,6,3.439628719,48.31273226,35.69271172,0.499942856,26.00801613,1199.989355,371,wet,1,2015,S36,Peak,North
287,136,6,2.989573844,48.75380645,15.25572312,0.14891531,25.98331935,1200.014194,371,dry,1,2015,S36,Peak,North
288,1464,6,-0.927686724,50.24147097,52.04908506,0.562353044,25.98602258,1200.002258,372,wet,1,2015,S36,Peak,North
289,541,6,2.669677816,48.86553548,29.56973229,0.23896925,25.99042903,1200.008387,372,dry,1,2015,S36,Peak,North
290,1087,6,-3.758115095,51.34975806,61.65104295,0.561931672,26.00766129,1200.004839,373,wet,1,2015,S36,Peak,North
291,346,6,4.285315468,48.2061871,23.11672279,0.293116711,25.9695,1200.012581,373,dry,1,2015,S36,Peak,North
292,372,6,3.90801343,48.37846452,15.60041076,0.200297019,25.96681613,1199.988065,374,dry,1,2015,S36,Peak,North
293,162,6,3.066421968,48.66190323,36.11673112,0.447181102,26.40102581,1199.99871,375,wet,1,2015,S36,Peak,North
294,788,6,-3.05211999,51.16472903,76.97191405,0.183710685,25.99598065,1200.006452,375,dry,1,2015,S36,Peak,North
295,1412,6,-3.551500372,51.31989677,67.76144991,0.334451137,25.9942871,1199.997097,376,wet,1,2015,S36,Peak,North
296,58,6,-0.522989061,50.16902903,55.42771474,0.131910232,25.9875129,1199.995806,376,dry,1,2015,S36,Peak,North
297,1750,6,-4.181219461,51.58041613,77.07908405,0.256808194,26.22849677,1200.00129,145A,wet,1,2016,S11,Peak,South
298,333,6,3.303016675,48.08330645,21.17474125,0.20776146,26.01224194,1200.015806,145A,dry,1,2016,S11,Peak,South
299,1711,6,-3.769840444,51.39040968,68.54105156,0.34088003,26.28405161,1200.004839,145B,wet,1,2016,S11,Peak,South
300,359,6,-0.666301081,50.24349677,65.12132202,0.066328797,25.98271935,1199.994194,145B,dry,1,2016,S11,Peak,South
301,970,6,-1.436001324,50.47010645,56.30650215,0.3459248,25.99651613,1199.995484,146A,wet,1,2016,S11,Peak,South
302,437,6,-0.962082429,50.31156452,73.62308643,0.062777321,25.98963548,1199.999677,146A,dry,1,2016,S11,Peak,South
303,1919,6,4.236636623,48.19281935,31.76862037,0.462205102,25.9837129,1200.022258,146B,wet,1,2016,S11,Peak,South
304,723,6,-3.070338194,51.17128387,80.6693976,0.161900643,25.99318065,1200.016774,146B,dry,1,2016,S11,Peak,South
305,1360,6,2.817355216,48.82345806,23.37198599,0.187543791,25.97407742,1200.001613,147A,wet,1,2016,S11,Peak,South
306,84,6,4.172051358,48.27815806,3.326956129,0.153656365,25.98252581,1200.013548,147A,dry,1,2016,S11,Peak,South
307,1659,6,3.457275999,48.53533871,26.19624267,0.26646743,25.99466774,1199.997742,147B,wet,1,2016,S11,Peak,South
308,827,6,-3.31956818,51.2823129,88.3138377,0.140108031,25.99674516,1200.000968,147B,dry,1,2016,S11,Peak,South
309,201,6,0.383615287,49.74625556,46.17851419,0.280418535,25.99402222,1199.99,144,dry,2,2016,S11,Peak,South
310,214,6,0.015336385,49.80886667,48.61378735,0.678376386,25.98016667,1199.963333,144,wet,2,2016,S11,Peak,South
311,227,6,-0.074009914,49.93661111,49.04012318,0.323243938,25.98582222,1199.971111,145a,dry,2,2016,S11,Peak,South
312,240,6,0.251809369,49.62800645,47.85878133,0.836590613,25.98865806,1199.999677,145a,wet,2,2016,S11,Peak,South
313,253,6,0.359406599,49.7388,46.87011126,0.374616843,25.9808,1199.984444,145b,dry,2,2016,S11,Peak,South
314,266,6,-0.195719275,49.88744444,49.23712386,0.703390768,26.0148,1200.018889,145b,wet,2,2016,S11,Peak,South
315,279,6,0.790972479,49.59271,43.71542424,0.287302586,25.95197667,1200.003,146a,dry,2,2016,S11,Peak,South
316,292,6,1.005588099,49.45309355,44.32419522,0.443192328,25.99197419,1199.965806,146a,wet,2,2016,S11,Peak,South
317,305,6,0.359760682,49.74379355,46.24998026,0.277115514,26.00050645,1200.017419,146b,dry,2,2016,S11,Peak,South
318,318,6,-0.225661204,49.918,49.37810089,0.640062727,25.99898889,1199.913333,146b,wet,2,2016,S11,Peak,South
319,331,6,-0.284565047,49.97054444,50.10664956,0.333765508,25.98426667,1200.021111,147a,dry,2,2016,S11,Peak,South
320,344,6,-1.084449136,50.25982222,51.9913728,0.655483791,26.00227778,1199.996667,147a,wet,2,2016,S11,Peak,South
321,357,6,1.507544707,49.26993871,41.63026313,0.399312218,25.99668065,1200.006774,147b,dry,2,2016,S11,Peak,South
322,370,6,1.216363829,49.31620645,44.69172658,0.629699116,25.99851613,1200.004516,147b,wet,2,2016,S11,Peak,South
323,539,6,1.227627342,49.36286129,43.31120949,0.43554352,25.99553226,1200.001613,164,dry,2,2015,S15,Peak,North
324,552,6,-0.139260251,49.8573,49.0449759,0.818520592,25.99204444,1200.055556,164,wet,2,2015,S15,Peak,North
325,565,6,1.95668633,49.12691935,33.92159011,0.230997287,25.99255806,1200.009032,166,dry,2,2015,S15,Peak,North
326,578,6,0.174335148,49.7779,48.15209967,0.663189368,26.00524444,1200.036667,166,wet,2,2015,S15,Peak,North
327,591,6,0.051401787,49.86206667,48.36258182,0.331707283,25.96927778,1200.016667,167,dry,2,2015,S15,Peak,North
328,604,6,-0.26216234,49.877075,49.33268747,0.799370861,25.9962125,1199.99375,167,wet,2,2015,S15,Peak,North
329,617,6,0.455235517,49.66757778,46.58641916,0.418684845,26.0001,1199.931111,169,dry,2,2015,S15,Peak,North
330,630,6,-1.432334807,50.33192222,52.74225758,0.702846552,26.0036,1199.968889,169,wet,2,2015,S15,Peak,North
331,643,6,1.019576247,49.41352903,45.03044973,0.56247178,26.01049677,1200.013548,170,dry,2,2015,S15,Peak,North
332,656,6,1.353141447,49.35456333,39.61694659,0.269421684,26.00079667,1200.001333,170,wet,2,2015,S15,Peak,North
333,669,6,-0.157446879,49.85412222,49.10826063,0.654573386,25.99817778,1200.018889,172,dry,2,2015,S15,Peak,North
334,682,6,-1.410213891,50.32686667,51.93306609,0.928249741,25.99183333,1199.987778,172,wet,2,2015,S15,Peak,North
335,877,6,-0.125043003,49.89142222,49.1538627,0.407488795,25.99586667,1199.976667,211,dry,2,2016,S16,Peak,North
336,890,6,-0.872846363,50.2473,52.1791086,0.466405243,25.99612222,1200.016667,211,wet,2,2016,S16,Peak,North
337,903,6,-0.026166583,49.76288889,48.62556138,0.557268473,26.00381111,1199.957778,212,wet,2,2016,S16,Peak,North
338,916,6,0.21310312,49.89391613,47.45818531,0.327955792,25.98782258,1199.953871,213,dry,2,2016,S16,Peak,North
339,929,6,0.260054799,49.6449,47.82088251,0.798154824,25.99535,1200.001667,213,wet,2,2016,S16,Peak,North
340,942,6,-0.229599098,49.89056667,49.41311636,0.559904701,26.00453333,1199.992222,217,dry,2,2016,S16,Peak,North
341,955,6,0.142979284,49.79315556,48.20879308,0.617818581,26.00276667,1199.982222,217,wet,2,2016,S16,Peak,North
342,968,6,0.370872106,49.6831871,46.97214025,0.446702663,26.02703871,1200.002903,218,dry,2,2016,S16,Peak,North
343,981,6,0.376814905,49.54243871,47.72699104,1.080201776,25.99609032,1200.004194,218,wet,2,2016,S16,Peak,North
344,994,6,1.272156512,49.30421935,44.58918609,0.637683818,25.99041613,1200.009355,219,dry,2,2016,S16,Peak,North
345,1007,6,0.278964613,49.63265484,47.85747288,0.888731672,26.00219677,1200,219,wet,2,2016,S16,Peak,North
346,1020,6,0.438120338,49.70215556,46.67390726,0.410690024,25.98441111,1200.001111,28,dry,2,2014,S02,Peak,South
347,1033,6,-0.053968937,49.90146667,48.88420369,0.470047703,25.98118889,1200.012222,28,wet,2,2014,S02,Peak,South
348,1046,6,1.394338088,49.31487742,42.13775292,0.399370318,25.9880871,1199.995161,29,dry,2,2014,S02,Peak,South
349,1059,6,-0.562446476,49.89373226,49.79851006,0.92700199,26.00100323,1200.002581,29,wet,2,2014,S02,Peak,South
350,1098,6,0.41622511,49.56737097,47.61681063,0.993919308,26.01184516,1200.000323,30,wet,2,2014,S02,Peak,South
351,1111,6,-0.450868553,50.03203333,50.82316868,0.362021988,26.00231111,1199.994444,32,dry,2,2014,S02,Peak,South
352,1124,6,0.092111479,49.78074839,48.27740258,0.646325188,25.99080323,1199.991613,32,wet,2,2014,S02,Peak,South
353,1319,6,-0.523220549,50.01892222,50.41769353,0.559853748,25.98945556,1200.005556,35,dry,2,2014,S02,Peak,South
354,1332,6,0.021780505,49.76867742,48.39804261,0.525427798,25.98355484,1200.004194,35,wet,2,2014,S02,Peak,South
355,1345,6,1.031256568,49.38754516,45.60862629,0.709842645,26.00119032,1199.98871,36,dry,2,2014,S02,Peak,South
356,1358,6,1.719019118,49.19437742,38.70444272,0.315298789,25.97616129,1200.007419,36,wet,2,2014,S02,Peak,South
357,1371,6,1.719019118,49.19437742,38.70444272,0.315298789,25.97616129,1200.007419,36,wet,2,2014,S02,Peak,South
358,1384,6,1.029000232,49.4177871,45.02807289,0.562299001,25.99618065,1200.011613,368,dry,2,2015,S36,Peak,North
359,1397,6,1.15511928,49.40109677,42.5509334,0.358581145,25.99098065,1200.01,368,wet,2,2015,S36,Peak,North
360,1410,6,-0.304908441,50.04802222,50.61054027,0.266716855,25.9939,1200.02,37,dry,2,2014,S02,Peak,South
361,1423,6,0.137504173,49.74553333,48.26017262,0.74080304,25.98591111,1199.971111,37,wet,2,2014,S02,Peak,South
362,1436,6,0.792965407,49.52354516,45.42794415,0.478270156,26.01120968,1200.002258,371,dry,2,2015,S36,Peak,North
363,1449,6,0.534075786,49.48291935,47.28521592,0.960345709,26.00807097,1200.00129,371,wet,2,2015,S36,Peak,North
364,1462,6,-0.122609187,49.99717778,50.13913206,0.133745709,25.98574444,1199.954444,372,dry,2,2015,S36,Peak,North
365,1475,6,0.430170745,49.62073548,47.2403047,0.671680348,25.99685161,1199.996129,372,wet,2,2015,S36,Peak,North
366,1488,6,0.386234694,49.73733333,46.69779266,0.3611552,25.99236667,1199.99,373,dry,2,2015,S36,Peak,North
367,1501,6,-0.015365942,49.801525,48.68548882,0.750879252,25.9849375,1199.9925,373,wet,2,2015,S36,Peak,North
368,1514,6,-0.429894078,50.02911111,50.2601875,0.503414152,25.98982222,1199.964444,374,dry,2,2015,S36,Peak,North
369,1527,6,0.01568372,49.75884444,48.65815806,0.972405695,26.00008889,1200.031111,374,wet,2,2015,S36,Peak,North
370,1540,6,1.913475263,49.1342871,37.94853286,0.321663457,25.99174839,1200.00871,375,dry,2,2015,S36,Peak,North
371,1553,6,-0.032747272,49.73590323,48.60652974,1.035062336,26.0112129,1199.998387,375,wet,2,2015,S36,Peak,North
372,1566,6,1.193262359,49.36551613,43.1232,0.407168774,25.99583226,1200.020323,376,dry,2,2015,S36,Peak,North
373,1579,6,0.070190419,49.71907419,48.35721435,0.917721239,26.00322581,1200.007097,376,wet,2,2015,S36,Peak,North
374,1748,6,0.219780164,49.32142581,47.5344599,0.700401823,26.00404194,1200.006774,49,wet,2,2014,S07,Peak,South
375,1761,6,-0.120951763,49.90181613,49.28304616,0.271777261,25.97189032,1199.988065,49,wet,2,2014,S07,Peak,South
376,1787,6,1.648445362,49.15286129,42.96368863,0.575024671,26.00777419,1200.033548,51,dry,2,2014,S07,Peak,South
377,1800,6,0.630889692,49.60974194,45.77961109,0.424606838,25.99162258,1200.011935,51,wet,2,2014,S07,Peak,South
378,1813,6,-0.022734886,49.818075,48.72393864,0.70198853,26.00035,1199.97375,52,dry,2,2014,S07,Peak,South
379,1826,6,-0.5903989,50.02765556,50.2101722,0.821132463,26.03682222,1200.072222,52,wet,2,2014,S07,Peak,South
380,1839,6,0.12596604,49.85454444,47.88567775,0.304676796,25.99776667,1200.07,54,dry,2,2014,S07,Peak,South
381,1852,6,0.304337351,49.70695556,47.52793063,0.540371329,25.98101111,1199.972222,54,wet,2,2014,S07,Peak,South
382,1865,6,1.86340565,49.11982258,40.1465157,0.408807982,25.99558387,1200.022258,55,dry,2,2014,S07,Peak,South
383,1878,6,0.371656788,49.76485556,45.71743968,0.222994042,25.98086667,1199.943333,55,wet,2,2014,S07,Peak,South
384,1891,6,1.75967622,49.12624839,42.29795863,0.542824569,25.99857742,1200.014839,57,dry,2,2014,S07,Peak,South
385,1904,6,-0.052410691,49.81905556,48.80575356,0.795087242,25.99775556,1200.003333,57,wet,2,2014,S07,Peak,South
386,214,6,0.10255223,49.90664194,47.3694314,0.146897906,25.99149032,1199.992258,144,dry,3,2016,S11,Peak,South
387,227,6,-0.11674191,49.84876129,48.89151777,0.694905473,26.00176129,1199.99129,144,wet,3,2016,S11,Peak,South
388,240,6,-1.034190754,50.19653333,51.94390421,0.583954876,25.98241667,1199.992333,145a,dry,3,2016,S11,Peak,South
389,253,6,-0.982776342,50.13707419,51.31317579,0.701224183,25.99211935,1199.994839,145a,wet,3,2016,S11,Peak,South
390,266,6,-2.088371963,50.60580333,55.19959341,0.621411492,25.87117333,1199.982667,145b,dry,3,2016,S11,Peak,South
391,279,6,-1.862694408,50.58511613,54.80334553,0.59229854,25.98762903,1199.980968,145b,wet,3,2016,S11,Peak,South
392,292,6,-1.943823444,50.68411667,62.44740585,0.243150288,25.98737333,1200.003333,146a,dry,3,2016,S11,Peak,South
393,305,6,-2.269431666,50.80932258,60.71418153,0.33530368,26.8205871,1200.015161,146a,wet,3,2016,S11,Peak,South
394,318,6,-0.30027335,49.90335161,49.37450597,0.738947316,25.98995161,1200.005484,146b,dry,3,2016,S11,Peak,South
395,331,6,0.366579517,49.63326774,47.52578815,0.736449872,26.0127129,1199.997097,146b,wet,3,2016,S11,Peak,South
396,344,6,-2.378409718,50.80331667,57.28586267,0.526886963,25.96748,1200.022333,147a,dry,3,2016,S11,Peak,South
397,357,6,-0.929391727,50.22296,52.59736673,0.424483031,25.99269333,1199.983,147a,wet,3,2016,S11,Peak,South
398,370,6,-2.113539793,50.73510968,61.33805489,0.292130187,26.00492903,1200.014516,147b,dry,3,2016,S11,Peak,South
399,383,6,-0.432488201,49.94398333,49.67370042,0.81151489,25.99986667,1199.985667,147b,wet,3,2016,S11,Peak,South
400,552,6,-0.410886138,49.95536452,49.71176503,0.71161037,26.01679677,1200.015484,164,dry,3,2015,S15,Peak,North
401,565,6,-2.052849965,50.66671667,55.7211836,0.561323619,25.99021,1199.974333,164,wet,3,2015,S15,Peak,North
402,578,6,-0.561843034,50.02177419,50.17937868,0.69763843,26.00290645,1200.004516,166,dry,3,2015,S15,Peak,North
403,591,6,-0.006190347,49.8331129,48.58470427,0.56546705,25.99271935,1199.978065,166,wet,3,2015,S15,Peak,North
404,604,6,-0.64549383,50.00828065,50.12937883,0.881089017,25.99541613,1200.00871,167,dry,3,2015,S15,Peak,North
405,617,6,-2.099272269,50.63474667,54.71696746,0.697218037,25.95426667,1200.023,167,wet,3,2015,S15,Peak,North
406,630,6,0.016366604,49.78330323,48.51289167,0.733603154,26.00749032,1199.997097,169,dry,3,2015,S15,Peak,North
407,643,6,-2.256534294,50.67957333,54.91891564,0.733105946,26.08999,1200.005333,169,wet,3,2015,S15,Peak,North
408,656,6,-0.236380471,49.88052581,49.25979305,0.668068549,25.99932581,1200.000323,170,dry,3,2015,S15,Peak,North
409,669,6,0.129470125,49.69320645,48.26453536,0.922409329,26.0074871,1199.98871,170,wet,3,2015,S15,Peak,North
410,682,6,-1.271494203,50.29244194,52.12960465,0.724105282,26.01973871,1200.006774,172,dry,3,2015,S15,Peak,North
411,695,6,-2.217394849,50.68360667,55.29879027,0.662041097,26.00870667,1199.989333,172,wet,3,2015,S15,Peak,North
412,890,6,-0.249448314,49.95977097,49.5968182,0.449139194,26.00507097,1200.000323,211,dry,3,2016,S16,Peak,North
413,903,6,0.024989442,49.7956871,48.4847424,0.633121332,26.01615161,1199.996452,211,wet,3,2016,S16,Peak,North
414,916,6,-0.776695691,50.12473871,51.04619595,0.614696861,26.00316452,1199.992258,212,dry,3,2016,S16,Peak,North
415,929,6,-0.393674037,49.91854839,49.55002801,0.831060931,26.0017129,1200.003871,212,wet,3,2016,S16,Peak,North
416,942,6,-1.90061839,50.59410333,55.73251869,0.504107413,26.04933,1200.008667,213,dry,3,2016,S16,Peak,North
417,955,6,-1.989486109,50.67473,58.22246891,0.376129808,25.96452333,1200.017,213,wet,3,2016,S16,Peak,North
418,968,6,-2.062631704,50.65265333,55.29488499,0.607261232,26.00237667,1199.981333,216,dry,3,2016,S16,Peak,North
419,981,6,-2.255832781,50.7241,56.24961412,0.574040696,26.01959667,1200.005333,216,wet,3,2016,S16,Peak,North
420,994,6,0.331100016,49.67194,47.64639731,0.712226396,26.0038,1200.003,217,dry,3,2016,S16,Peak,North
421,1007,6,0.253375894,49.70428387,47.82424434,0.685739871,25.99537419,1200.005161,217,wet,3,2016,S16,Peak,North
422,1020,6,-2.278631025,50.77491333,62.47527122,0.289142137,25.9774,1199.982333,218,dry,3,2016,S16,Peak,North
423,1033,6,-2.068504479,50.69219355,57.04422805,0.460056789,25.98866129,1200.019032,218,wet,3,2016,S16,Peak,North
424,1046,6,-1.916175003,50.59157,55.04631481,0.575241805,26.10712,1200.027667,219,dry,3,2016,S16,Peak,North
425,1059,6,0.294098153,49.6564,47.84451088,0.849959858,26.00181613,1199.99871,219,wet,3,2016,S16,Peak,North
426,1072,6,-0.122234261,49.84365806,48.92114596,0.629231065,25.99686452,1200.009032,28,dry,3,2014,S02,Peak,South
427,1085,6,0.254885169,49.69389355,47.78428671,0.673812189,26.00163871,1199.996129,28,wet,3,2014,S02,Peak,South
428,1098,6,0.810210333,49.52573548,45.32326763,0.47344761,25.99507419,1199.990968,29,wet,3,2014,S02,Peak,South
429,1137,6,-0.06985194,49.81542258,48.76497393,0.818768072,26.00177419,1200.000968,30,dry,3,2014,S02,Peak,South
430,1150,6,-2.197366288,50.75594194,59.10960129,0.381026329,25.98596452,1200.000968,30,wet,3,2014,S02,Peak,South
431,1345,6,-2.019494667,50.63808387,56.40676136,0.486962623,25.98610968,1200.024516,35,dry,3,2014,S02,Peak,South
432,1358,6,0.07384044,49.82267419,48.21449381,0.442825065,25.9899871,1200.005806,35,wet,3,2014,S02,Peak,South
433,1371,6,-2.015810711,50.63964,55.44151428,0.577054913,26.00151333,1199.985667,368,dry,3,2015,S36,Peak,North
434,1384,6,-2.195718338,50.7421,56.54698338,0.531096384,26.43316774,1200.002903,368,wet,3,2015,S36,Peak,North
435,1397,6,-2.090611289,50.67115,55.80682275,0.56202628,26.01204,1199.985333,371,dry,3,2015,S36,Peak,North
436,1410,6,-0.906519761,50.15666129,51.26786831,0.663212444,26.00909355,1200.015806,371,wet,3,2015,S36,Peak,North
437,1423,6,-2.04040446,50.63640667,55.32055659,0.593248304,25.91045,1200.007,372,dry,3,2015,S36,Peak,North
438,1436,6,-2.480321414,50.80394516,55.77793351,0.70278379,26.00139677,1200.004194,372,wet,3,2015,S36,Peak,North
439,1449,6,-0.611352474,50.02340968,50.17676073,0.787167578,26.02173548,1199.99871,373,dry,3,2015,S36,Peak,North
440,1462,6,-2.176589126,50.70103226,55.99014815,0.574091837,26.00116129,1200.003226,373,wet,3,2015,S36,Peak,North
441,1475,6,-2.06967082,50.67795484,57.00791126,0.458108135,26.12554839,1199.98129,374,dry,3,2015,S36,Peak,North
442,1488,6,-2.09604642,50.67037419,56.23583873,0.522476574,26.04772581,1200.021613,374,wet,3,2015,S36,Peak,North
443,1501,6,0.169414589,49.78693548,47.78807544,0.418125164,25.99252903,1200.00129,375,dry,3,2015,S36,Peak,North
444,1514,6,-0.037803534,49.79304516,48.66045471,0.763188077,25.99891613,1199.976774,375,wet,3,2015,S36,Peak,North
445,1527,6,-0.211835555,50.05374839,53.59963876,0.067631785,25.9919129,1199.998387,376,dry,3,2015,S36,Peak,North
446,1540,6,-2.001687789,50.6431871,56.08531744,0.508403666,25.97440323,1199.998387,376,wet,3,2015,S36,Peak,North
447,1722,6,-1.521694011,50.44334516,54.34473154,0.497434325,25.99563548,1200.004194,49,dry,3,2014,S07,Peak,South
448,1735,6,-2.163516013,50.76174839,60.56424123,0.322617839,26.02228387,1199.982903,49,wet,3,2014,S07,Peak,South
449,1748,6,-1.917723762,50.73012903,72.79288811,0.131842511,25.97509032,1200.001935,51,dry,3,2014,S07,Peak,South
450,1761,6,-0.120344983,49.90962333,49.11061071,0.363907904,25.99395,1199.975333,51,wet,3,2014,S07,Peak,South
451,1774,6,-2.334445329,50.73488,55.5361838,0.677554136,25.98525,1199.992667,52,dry,3,2014,S07,Peak,South
452,1787,6,-2.290298339,50.74264667,56.25788494,0.585697284,25.97005,1200.009667,52,wet,3,2014,S07,Peak,South
453,1800,6,-1.999986205,50.70295333,60.82376326,0.287718352,25.95457,1200.002667,54,dry,3,2014,S07,Peak,South
454,1813,6,0.358546391,49.70865161,47.03728873,0.443839396,26.0004,1200.013548,54,wet,3,2014,S07,Peak,South
455,1826,6,-0.218807955,49.81421935,49.06156237,0.994638235,26.00214194,1200.004839,55,dry,3,2014,S07,Peak,South
456,1839,6,-1.99574378,50.6610871,56.67692807,0.46563063,25.99829355,1200.001935,55,wet,3,2014,S07,Peak,South
457,1852,6,-2.133607927,50.70837667,58.38538938,0.398203969,26.18619,1200.015,57,dry,3,2014,S07,Peak,South
458,1865,6,-2.167085058,50.66639,55.25851284,0.649403429,25.99093333,1199.993333,57,wet,3,2014,S07,Peak,South