Rep,Treatment,ID,PrePeak,Region,Site,Length 1,Length 2,Length 3,Palisade 1,Palisade 2,Palisade 3,Ratio 1,Ratio 2,Ratio 3,Average_prop,Thickness 1,Thickness 2,Thickness 3,Average_thick,Palisade_length
3,Dry,172,peak,North,S15,345.946,,,194.67,,,0.562717881,,,0.562717881,380.071,,,380.071,194.67
3,Dry,30,peak,South,S02,341.205,330.414,,163.386,194.934,,0.478849958,0.589968948,,0.534409453,384.249,357.432,,370.8405,179.16
2,Dry,172,peak,North,S15,311.01,286.279,294.877,174,137.199,162.693,0.559467541,0.479249264,0.551731739,0.530149515,366.904,334.018,355.038,351.9866667,157.964
3,Dry,52,peak,South,S07,377.748,392.015,335.594,202.444,194.789,180.622,0.53592342,0.496891701,0.53821582,0.52367698,435.221,420.593,381.228,412.3473333,192.6183333
3,Dry,6,pre,South,S02,341.094,319.496,335.932,192.137,136.38,193.322,0.563296335,0.426859804,0.575479561,0.521878567,369.717,378.525,379.931,376.0576667,173.9463333
3,Dry,154,pre,North,S15,238.65,249.705,272.773,122.84,128.381,137.158,0.514728682,0.514130674,0.502828359,0.510562572,271.186,286.754,306.418,288.1193333,129.4596667
1,Dry,57,peak,South,S07,161.212,157.098,163.622,73.715,77.519,87.604,0.457255043,0.493443583,0.535404774,0.4953678,188.459,183.995,193.726,188.7266667,79.61266667
3,Dry,4,pre,South,S02,276.559,279.839,338.891,122.049,142.941,179.103,0.441312704,0.51079728,0.528497363,0.493535782,382.462,354.816,321.82,353.0326667,148.031
2,Dry,149,pre,North,S15,216.845,228.769,250.977,91.469,102.018,152.879,0.421817427,0.445943288,0.609135498,0.492298738,250.77,272.294,290.709,271.2576667,115.4553333
3,Dry,52,peak,South,S07,334.573,371.967,373.975,154.344,168.787,209.995,0.461316364,0.453768748,0.561521492,0.492202202,373.967,416.506,428.149,406.2073333,177.7086667
3,Dry,346,pre,North,S36,267.541,285.424,285.992,119.496,137.629,155.913,0.446645561,0.482191406,0.545165599,0.491334189,310.873,320.578,339.419,323.6233333,137.6793333
2,Dry,6,pre,South,S02,252.641,259.928,230.505,116.307,144.794,104.643,0.460364707,0.557054261,0.453972799,0.490463922,302.598,305.839,264.105,290.8473333,121.9146667
2,Dry,375,peak,North,S36,260.228,244.528,254.707,127.638,116.673,126.141,0.490485267,0.477135543,0.495239628,0.487620146,293.578,284.624,280.597,286.2663333,123.484
3,Dry,166,peak,North,S15,250.971,276.8,267.944,119.472,117.445,150.607,0.476039064,0.42429552,0.562083868,0.487472818,288.126,316.749,322.518,309.131,129.1746667
2,Dry,148,pre,North,S15,217.901,218.999,218.406,104.892,106.448,104.172,0.481374569,0.486066146,0.476964919,0.481468545,270.873,263.639,262.149,265.5536667,105.1706667
2,Dry,38A,pre,South,S07,263.174,260.646,271.139,118.073,137.659,126.608,0.448649943,0.528145454,0.466948687,0.481248028,298.787,360.646,306.932,322.1216667,127.4466667
1,Dry,368,peak,North,S36,113.555,107.319,115.12,52.347,58.278,50.519,0.460983664,0.54303525,0.438837735,0.480952216,131.013,135.056,136.555,134.208,53.71466667
2,Dry,54,peak,South,S07,208.35,218.291,229.298,103.219,107.69,103.145,0.495411567,0.493332295,0.44982948,0.479524447,235.574,243.903,265,248.159,104.6846667
3,Dry,6,pre,South,S02,355.021,339.297,356.955,168.014,171.473,161.772,0.473250878,0.505377295,0.453199983,0.477276052,388.435,378.769,393.255,386.8196667,167.0863333
2,Dry,32,peak,South,S02,264.292,266.66,233.966,115.935,124.695,122.115,0.43866254,0.46761794,0.521934811,0.476071764,298.751,298.713,283.382,293.6153333,120.915
3,Dry,53,peak,South,S07,301.961,290.968,268.826,138.571,143.447,126.9,0.458903633,0.49299923,0.472052554,0.474651806,340.687,323.931,308.218,324.2786667,136.306
1,Dry,28,peak,South,S02,188.033,198.581,220.408,92.929,90.782,103.733,0.494216441,0.457153504,0.470640812,0.474003585,222.212,222.868,244.72,229.9333333,95.81466667
3,Dry,4,pre,South,S02,291.915,287.754,332.032,130.113,145.113,156.022,0.445722214,0.504295336,0.469900492,0.473306014,327.71,330.78,364.9,341.13,143.7493333
1,Dry,54,peak,South,S07,160.83,168.097,154.616,77.307,83.779,67.754,0.480675247,0.498396759,0.438208206,0.472426737,195.315,195.366,180.809,190.4966667,76.28
2,Dry,153,pre,North,S15,230.255,241.321,233.425,110.728,110.863,109.731,0.480892923,0.459400549,0.470091036,0.470128169,269.697,274.667,272.704,272.356,110.4406667
2,Dry,55,peak,South,S07,237.379,235.449,204.792,118.858,106.593,93.381,0.500709835,0.452722246,0.455979726,0.469803936,271.652,235.449,238.21,248.437,106.2773333
2,Dry,155,pre,North,S15,301.656,266.987,272.998,136.614,135.924,120.455,0.452880102,0.509103439,0.441230339,0.46773796,340.132,328.206,335.73,334.6893333,130.9976667
2,Dry,39A,pre,South,S07,245.429,252.607,251.402,112.189,109.314,128.361,0.45711387,0.432743352,0.510580664,0.466812629,291.351,292.726,288.387,290.8213333,116.6213333
2,Dry,375,peak,North,S36,236.305,243.65,212.447,113.789,124.46,85.147,0.481534458,0.510814693,0.400791727,0.464380293,301.184,276.301,247.969,275.1513333,107.7986667
3,Dry,346,pre,North,S36,296.393,280.76,269.53,128.728,131.304,129.067,0.43431525,0.467673458,0.478859496,0.460282735,337.451,314.413,304.771,318.8783333,129.6996667
2,Dry,348,pre,North,S36,164.342,171.473,169.46,73.085,78.55,80.84,0.444712855,0.458089612,0.47704473,0.459949066,202.056,208.695,200.132,203.6276667,77.49166667
1,Dry,55,peak,South,S07,186.718,185.542,188.508,69.468,91.177,96.752,0.372047687,0.491408953,0.513251427,0.458902689,214.233,207.632,216.125,212.6633333,85.799
2,Dry,371,peak,North,S36,175.637,185.645,173.199,89.59,78.218,76.11,0.510086144,0.421331035,0.439436717,0.456951299,204.695,214.955,199.032,206.2273333,81.306
2,Dry,37,peak,South,S02,204.519,216.071,219.708,109.272,94.104,86.298,0.534287768,0.435523508,0.392784969,0.454198749,232.657,236.068,244.612,237.779,96.558
2,Dry,40,pre,South,S07,264.89,253.371,280.613,122.389,112.457,127.791,0.462037072,0.443843218,0.455399429,0.453759906,300.566,280.896,313.928,298.4633333,120.879
2,Dry,344,pre,North,S36,263.922,248.972,278.678,113.051,116.409,128.728,0.428350043,0.467558601,0.461923797,0.452610814,299.419,294.556,312.295,302.09,119.396
3,Dry,149,pre,North,S15,361.243,370.444,375.11,151.801,180.727,164.158,0.420218523,0.487865912,0.437626296,0.448570244,397.956,413.459,413.857,408.424,165.562
1,Dry,41,pre,South,S07,179.085,181.025,189.008,78.547,80.649,87.188,0.438601781,0.445513051,0.461292644,0.448469159,211.487,208.233,219.41,213.0433333,82.128
3,Dry,153,pre,North,S15,344.578,300.452,305.068,152.111,133.326,138.855,0.441441415,0.443751415,0.455160817,0.446784549,397.893,346.295,347.637,363.9416667,141.4306667
2,Dry,170,peak,North,S15,242.486,245.567,254.497,105.483,112.869,112.828,0.435006557,0.45962609,0.44333725,0.445989965,284.089,294.567,298.622,292.426,110.3933333
2,Dry,374,peak,North,S36,219.97,235.842,244.131,90.203,108.009,114.397,0.410069555,0.457971863,0.468588586,0.445543334,276.182,279.248,290.9,282.11,104.203
3,Dry,49,peak,South,S07,336.152,329.124,337.818,140.46,157.225,147.207,0.417846688,0.47770749,0.435758308,0.443770829,379.173,380.791,379.359,379.7743333,148.2973333
3,Dry,8,pre,South,S02,327.614,324.059,333.421,138.035,160.061,138.47,0.421334253,0.493925489,0.415300776,0.443520173,391.769,396.762,383.257,390.596,145.522
2,Dry,166,peak,North,S15,180.951,197.375,203.12,86.666,89.488,80.121,0.478947339,0.453390754,0.394451556,0.442263216,227.273,226.395,235.792,229.82,85.425
1,Dry,34,peak,South,S02,162.085,145.371,157.445,77.219,66.55,61.52,0.476410525,0.457794196,0.390739623,0.441648115,192.246,173.4,187.882,184.5093333,68.42966667
2,Dry,346,pre,North,S36,270.354,268,253.076,113.175,111.727,123.279,0.418617812,0.416891791,0.487122445,0.44087735,315.337,306.223,283.349,301.6363333,116.0603333
2,Dry,57,peak,South,S07,258.078,267.324,279.474,114.276,110.77,126.364,0.442796364,0.414366088,0.452149395,0.436437282,317.943,309.999,316.765,314.9023333,117.1366667
3,Dry,164,peak,North,S15,290.69,286.046,292.099,127.432,126.133,125.203,0.438377653,0.440953553,0.428632073,0.43598776,336.769,332.729,343.58,337.6926667,126.256
3,Dry,148,pre,North,S15,334.509,354.901,345.358,163.566,127.405,158.786,0.488973391,0.358987436,0.459772178,0.435911002,391.805,399.027,392.074,394.302,149.919
3,Dry,152,pre,North,S15,217.112,217.112,212.142,102.32,97.824,81.8,0.471277497,0.450569291,0.385590784,0.435812524,251.925,248.013,244.377,248.105,93.98133333
3,Dry,54,peak,South,S07,289.322,281.87,271.122,123.806,123.103,118.975,0.427917683,0.436736794,0.438824588,0.434493022,330.575,320.349,321.452,324.1253333,121.9613333
2,Dry,28,peak,South,S02,256.761,241.474,246.336,98.054,105.449,118.689,0.381888215,0.436688836,0.481817518,0.433464856,294.181,268.812,280.789,281.2606667,107.3973333
2,Dry,342,pre,North,S36,249.737,241.105,233.665,96.098,118.401,98.677,0.384796806,0.491076502,0.422301158,0.432724822,278.126,271.391,269,272.839,104.392
3,Dry,39B,pre,South,S07,325.338,307.136,300.062,139.898,124.679,136.053,0.430008176,0.405940691,0.453416294,0.429788387,359.799,353.716,346.645,353.3866667,133.5433333
2,Dry,164,peak,North,S15,228.266,223.401,221.874,98.233,98.054,91.419,0.430344423,0.438914777,0.412031153,0.427096784,268.651,262.435,270.589,267.225,95.902
2,Dry,368,peak,North,S36,226.034,246.134,229.808,108.876,97.827,92.051,0.481679747,0.397454232,0.400556116,0.426563365,259.079,269.697,260.189,262.9883333,99.58466667
2,Dry,52,peak,South,S07,251.421,255.97,262.743,101.963,109.243,116.972,0.405546872,0.426780482,0.445195495,0.42584095,305.376,311.388,300.452,305.7386667,109.3926667
1,Dry,345,pre,North,S36,154.682,144.431,134.686,61.518,62.14,59.459,0.397706262,0.430240045,0.441463849,0.423136719,177.543,167.183,158.496,167.7406667,61.039
3,Dry,164,peak,North,S15,277.39,257.13,275.906,109.221,113.234,119.96,0.393745268,0.440376463,0.43478576,0.422969164,326.768,326.088,326.24,326.3653333,114.1383333
3,Dry,7,pre,South,S02,312.591,303.954,271.777,125.872,125.139,122.982,0.402673142,0.411703745,0.452510698,0.422295861,360.641,357.979,319.345,345.9883333,124.6643333
2,Dry,51,peak,South,S07,236.815,233.498,250.658,95.904,100.542,107.967,0.404974347,0.430590412,0.430734307,0.422099689,280.946,274.724,311.2,288.9566667,101.471
3,Dry,55,peak,South,S07,236.366,236.568,216.816,105.702,95.642,89.609,0.447196297,0.404289676,0.413295144,0.421593706,278.325,269.56,256.293,268.0593333,96.98433333
3,Dry,57,peak,South,S07,256.341,250.504,277.447,117.048,101.796,108.294,0.456610531,0.406364769,0.390323197,0.417766165,288.725,297.966,319.688,302.1263333,109.046
1,Dry,346,pre,North,S36,157.783,154.203,142.632,66.68,69.33,54.265,0.422605731,0.449602148,0.380454596,0.417554158,180.195,182.524,172.967,178.562,63.425
2,Dry,154,pre,North,S15,181.422,193.624,198.961,82.095,66.923,90.225,0.452508516,0.345633806,0.453480833,0.417207718,215.888,219.003,226.241,220.3773333,79.74766667
3,Dry,38A,pre,South,S07,363.559,339.787,334.125,151.231,131.308,148.254,0.415973748,0.386442095,0.443708193,0.415374679,404.848,381.536,370.256,385.5466667,143.5976667
1,Dry,49,peak,South,S07,236.058,225.567,223.606,100.875,99.128,83.133,0.427331419,0.439461446,0.371783405,0.412858756,256.104,256.682,265.76,259.5153333,94.37866667
3,Dry,51,peak,South,S07,365.385,333.267,366.587,158.989,116.183,164.839,0.435127331,0.348618375,0.449658608,0.411134771,402.88,382.148,403.946,396.3246667,146.6703333
2,Dry,343,pre,North,S36,265.819,274.724,265.96,106.977,113.314,111.103,0.402443016,0.412464874,0.41774327,0.41088372,299.673,297.724,295.765,297.7206667,110.4646667
3,Dry,40,pre,South,S07,266.508,255.319,231.35,114.975,101.963,90.889,0.431412941,0.399355316,0.392863627,0.407877295,316.972,297.718,271.988,295.5593333,102.609
1,Dry,52,peak,South,S07,331.561,316.541,339.701,137.031,133.861,131.069,0.413290465,0.422886767,0.385836368,0.407337867,368.802,371.295,392.495,377.5306667,133.987
2,Dry,349,pre,North,S36,194.937,195.28,203.032,86.595,72.159,82.718,0.44422044,0.369515567,0.40741361,0.407049873,223.051,234.437,227.429,228.3056667,80.49066667
2,Dry,41,pre,South,S07,303.954,288.823,272.897,126.218,114.127,111.652,0.415253624,0.395145123,0.409136048,0.406511598,349.037,346.156,345.982,347.0583333,117.3323333
2,Dry,36,peak,South,S02,273.619,184.963,182.413,87.989,84.359,80.247,0.321574891,0.456085812,0.439919304,0.405860002,204.501,217.34,211.95,211.2636667,84.19833333
3,Dry,344,pre,North,S36,254.122,233.239,230.497,110.335,97.66,83.664,0.43418122,0.418712136,0.362972186,0.405288514,285.031,279.016,261.523,275.19,97.21966667
2,Dry,169,peak,North,S15,239.86,251.443,255.763,92.023,107.188,103.805,0.383652964,0.426291446,0.405864023,0.405269478,290.015,283.726,292.623,288.788,101.0053333
2,Dry,7,pre,South,S02,350.254,317.852,319.418,142.715,133.788,122.464,0.407461442,0.420912878,0.383397304,0.403923875,399.599,378.615,368.38,382.198,132.989
2,Dry,152,pre,North,S15,197.445,190.317,195.868,83.656,70.866,81.239,0.423692674,0.372357698,0.414764025,0.403604799,235.959,230.335,226.273,230.8556667,78.587
1,Dry,8,pre,South,S02,186.675,191.42,192.246,72.649,79.887,77.291,0.389173698,0.417338836,0.402042175,0.40285157,226.649,223.526,213.052,221.0756667,76.609
3,Dry,28,peak,South,S02,276.914,259.744,254.682,127.803,106.438,84.177,0.461525961,0.409780399,0.330518058,0.400608139,314.294,295.274,293.202,300.9233333,106.1393333
1,Dry,349,pre,North,S36,108.508,111.938,120.888,35.848,49.094,52.298,0.330371954,0.438582072,0.432615313,0.400523113,153.556,141.164,138.016,144.2453333,45.74666667
3,Dry,30,peak,South,S02,326.044,335.732,310.759,145.728,142.08,100.808,0.446958079,0.423194691,0.324392857,0.398181876,363.81,385.958,359.433,369.7336667,129.5386667
1,Dry,38A,pre,South,S07,362.266,360.733,360.454,163.364,126.926,140.444,0.450950407,0.351855805,0.389630854,0.397479022,425.666,412.957,420.24,419.621,143.578
2,Dry,8,pre,South,S02,334.564,332.791,330.463,118.304,141.475,136.437,0.353606485,0.425116665,0.412866191,0.397196447,363.546,365.71,367.936,365.7306667,132.072
3,Dry,39A,pre,South,S07,296.364,288.46,277.875,109.018,125.336,106.424,0.367851696,0.434500451,0.382992353,0.395114833,332.423,320.901,311.533,321.619,113.5926667
1,Dry,6,pre,South,S02,207.804,214.315,192.61,78.762,72.777,87.435,0.379020616,0.339579591,0.453948393,0.390849533,220.745,237.439,247.386,235.19,79.658
2,Dry,376,peak,North,S36,219.109,220.529,208.483,90.294,88.228,73.541,0.412096263,0.400074367,0.352743389,0.388304673,262.782,256.997,260.331,260.0366667,84.021
3,Dry,344,pre,North,S36,235.669,234.403,257.633,91.287,86.275,104.709,0.3873526,0.368062695,0.406426972,0.387280756,281.183,264.118,287.383,277.5613333,94.09033333
1,Dry,7,pre,South,S02,135.683,143.422,141.883,56.387,51.365,54.112,0.41557896,0.358138919,0.381384662,0.38503418,170.338,173.341,161.032,168.237,53.95466667
2,Dry,3,pre,South,S02,239.327,246.536,242.283,87.215,112.5,78.047,0.364417721,0.456322809,0.322131557,0.380957362,281.873,281.977,280.751,281.5336667,92.58733333
1,Dry,149,pre,North,S15,207.03,224.024,210.764,80.507,84.137,79.408,0.388866348,0.375571367,0.376762635,0.380400117,252.115,243.218,240.212,245.1816667,81.35066667
2,Dry,345,pre,North,S36,308.248,267.316,266.895,101.482,102.34,109.839,0.329221925,0.382842778,0.411543866,0.37453619,352.57,267.316,309.766,309.884,104.5536667
3,Dry,41,pre,South,S07,344.881,355.771,365.79,120.199,129.508,150.099,0.348523114,0.364020676,0.410342,0.374295263,406.378,408.359,421.731,412.156,133.2686667
1,Dry,344,pre,North,S36,152.309,151.375,153.17,55.375,59.423,54.246,0.363570111,0.392554913,0.354155513,0.370093513,191.892,180.685,186.082,186.2196667,56.348
1,Dry,170,peak,North,S15,181.757,172.085,165.826,66.882,60.259,63.795,0.367974824,0.350169974,0.38471048,0.367618426,215.357,204.715,194.238,204.77,63.64533333
3,Dry,166,peak,North,S15,275.923,286.831,285.647,90.015,117.515,101.796,0.326232318,0.409701183,0.356369925,0.364101142,330.792,320.669,329.609,327.0233333,103.1086667
1,Dry,3,pre,South,S02,148.787,145.741,156.036,54.751,49.239,59.404,0.367982418,0.337852766,0.380707016,0.362180733,179.13,179.069,163.185,173.7946667,54.46466667
2,Dry,35,peak,South,S02,208.547,223.644,216.635,74.233,72.826,84.527,0.355953334,0.325633596,0.390181642,0.357256191,245.366,256.704,251.915,251.3283333,77.19533333
1,Dry,39B,pre,South,S07,225.312,199.322,209.335,79.343,65.437,80.176,0.352147245,0.32829793,0.38300332,0.354482832,267.889,244.331,229.91,247.3766667,74.98533333
2,Dry,372,peak,North,S36,242.44,279.496,281.715,83.853,102.048,92.68,0.345871143,0.365114349,0.328984967,0.34665682,290.242,314.942,322.017,309.067,92.86033333
2,Dry,29,peak,South,S02,191.492,204.963,209.951,78.146,70.401,59.832,0.408090155,0.343481506,0.284980781,0.345517481,222.987,228.272,234.159,228.4726667,69.45966667
1,Dry,38B,pre,South,S07,170.537,176.982,171.19,62.02,51.87,63.842,0.363674745,0.293080652,0.372930662,0.343228686,199.67,204.789,201.808,202.089,59.244
1,Dry,29,peak,South,S02,166.336,161.637,153.561,50.775,59.176,54.13,0.305255627,0.366104295,0.352498356,0.341286093,196.076,186.389,179.893,187.4526667,54.69366667
1,Dry,4,pre,South,S02,165.53,163.609,167.767,45.601,60.632,61.261,0.275484806,0.37059086,0.365155245,0.33707697,191.54,194.668,195.099,193.769,55.83133333
3,Dry,3,pre,South,S02,257.971,244.263,241.542,77.572,83.392,76.451,0.300700466,0.341402505,0.316512242,0.319538404,304.63,285.021,283.757,291.136,79.13833333
1,Dry,40,pre,South,S07,204.926,199.269,,61.293,63.974,,0.299098211,0.321043414,,0.310070812,244.828,247.944,,246.386,62.6335
2,Dry,167,peak,North,S15,254.682,241.633,250.508,68.986,80.477,67.382,0.270871126,0.333054674,0.26898143,0.290969076,287.952,273.919,284.148,282.0063333,72.28166667
3,Wet,3,pre,South,S02,256.657,284.064,243.697,144.918,165.276,146.326,0.56463685,0.581826631,0.600442353,0.582301944,270.829,311.498,271.754,284.6936667,152.1733333
3,Wet,7,pre,South,S02,331.304,,,191.418,,,0.577771473,,,0.577771473,380.736,,,380.736,191.418
3,Wet,376,peak,North,S36,244.761,252.013,261.253,128.381,115.882,152.074,0.524515752,0.459825485,0.582094751,0.522145329,273.24,276.275,310.506,286.6736667,132.1123333
2,Wet,41,pre,South,S07,257.774,242.727,250.011,122.901,124.361,128.2,0.476778108,0.512349265,0.512777438,0.500634937,297.895,279.493,282.059,286.4823333,125.154
2,Wet,345,pre,North,S36,247.54,249.927,275.923,118.546,123.703,139.681,0.47889634,0.494956527,0.506231811,0.493361559,276.07,285.992,320.799,294.287,127.31
3,Wet,41,pre,South,S07,296.385,299.995,293.832,147.685,148.641,141.173,0.4982877,0.495478258,0.480454818,0.491406925,343.071,345.725,339.359,342.7183333,145.833
3,Wet,155,pre,North,S15,189.126,188.786,202.789,95.038,102.49,86.666,0.502511553,0.542889833,0.427370321,0.490923902,224.216,225.328,240.269,229.9376667,94.73133333
2,Wet,40,pre,South,S07,241.144,242.245,241.659,115.068,119.427,119.479,0.477175464,0.493000888,0.494411547,0.488195966,271.525,279.866,278.353,276.5813333,117.9913333
3,Wet,149,pre,North,S15,335.907,341.179,314.552,174.142,154.802,154.217,0.518423254,0.453726636,0.490275058,0.487474983,377.898,371.792,351.822,367.1706667,161.0536667
3,Wet,148,pre,North,S15,311.946,347.179,315.383,145.163,176.241,148.214,0.465346566,0.507637271,0.469949236,0.480977691,359.19,385.21,340.295,361.565,156.5393333
3,Wet,376,peak,North,S36,243.127,248.031,269.393,104.215,119.203,142.502,0.428644289,0.480597183,0.528974398,0.47940529,279.733,276.206,309.722,288.5536667,121.9733333
2,Wet,170,peak,North,S15,290.965,280.891,,137.128,136.884,,0.471286925,0.487320704,,0.479303815,326.509,327.555,,327.032,137.006
3,Wet,35,peak,South,S02,267.972,258.318,263.079,114.956,129.032,128.256,0.428985118,0.499508358,0.487518958,0.472004145,293.98,290.679,292.229,292.296,124.0813333
3,Wet,54,peak,South,S07,286.396,260.889,248.077,129.793,127.884,115.78,0.453194179,0.490185481,0.466709933,0.470029864,329.244,296.503,280.902,302.2163333,124.4856667
1,Wet,152,pre,North,S15,140.665,139.905,142.849,62.33,68.132,68.416,0.443109516,0.486987599,0.4789393,0.469678805,160.003,168.831,163.249,164.0276667,66.29266667
3,Wet,153,pre,North,S15,361.792,354.766,331.801,142.055,176.182,165.315,0.392642734,0.49661467,0.498235388,0.462497597,420.393,405.935,386.498,404.2753333,161.184
2,Wet,7,pre,South,S02,248.898,228.794,195.209,106.515,112.641,81.005,0.427946388,0.492324974,0.414965499,0.445078953,293.837,273.945,239.575,269.119,100.0536667
2,Wet,29,peak,South,S02,190.834,186.192,196.114,80.986,86.867,85.999,0.424379303,0.466545287,0.438515353,0.443146648,222.281,216.475,222.809,220.5216667,84.61733333
3,Wet,152,pre,North,S15,223.718,209.971,200.389,99.742,92.785,88.31,0.445838064,0.441894357,0.440692852,0.442808424,259.406,235.382,234.35,243.046,93.61233333
3,Wet,38b,pre,South,S07,336.367,316.385,332.434,154.673,127.114,154.673,0.45983405,0.401769995,0.46527431,0.442292785,379.92,359.259,363.864,367.681,145.4866667
3,Wet,28,peak,South,S02,298.746,262.155,240.615,119.427,121.474,110.881,0.399761001,0.463367092,0.460823307,0.441317133,330.233,314.666,303.447,316.1153333,117.2606667
1,Wet,374,peak,North,S36,214.903,211.943,215.018,96.531,101.595,84.38,0.44918405,0.47935058,0.392432261,0.440322297,263.708,256.595,214.903,245.0686667,94.16866667
3,Wet,51,peak,South,S07,289.265,285.127,279.976,103.78,137.853,132.945,0.358771369,0.483479292,0.474844272,0.439031644,347.117,323.666,317.275,329.3526667,124.8593333
3,Wet,30,peak,South,S02,263.677,260.861,271.733,115.4,101.662,132.574,0.437656678,0.389717129,0.487883327,0.438419045,303.965,293.601,314.842,304.136,116.5453333
2,Wet,371,peak,North,S36,223.472,244.612,262.283,99.06,106.124,113.523,0.44327701,0.433846254,0.432826375,0.43664988,280.262,302.267,320.349,300.9593333,106.2356667
3,Wet,8,pre,South,S02,285.431,272.998,270.145,129.035,121.486,109.801,0.452070728,0.445006923,0.406452091,0.434509914,322.267,317.079,313.654,317.6666667,120.1073333
2,Wet,28,peak,South,S02,196.789,192.951,203.32,78.539,89.448,87.901,0.399102592,0.463578836,0.432328349,0.431669926,231.093,220.508,237.366,229.6556667,85.296
2,Wet,6,pre,South,S02,176.378,192.698,185.484,78.1,87.215,74.014,0.442798989,0.452599404,0.399031722,0.431476705,210.833,219.953,214.874,215.22,79.77633333
1,Wet,149,pre,North,S15,151.259,147.187,119.287,61.783,59.819,55.672,0.40845834,0.406414969,0.466706347,0.427193218,180.614,169.42,154.712,168.2486667,59.09133333
3,Wet,154,pre,North,S15,243.387,250.934,262.737,105.702,95.872,119.869,0.434295998,0.382060622,0.456231897,0.424196172,274.804,286.265,297.348,286.139,107.1476667
3,Wet,164,peak,North,S15,329.992,340.331,318.579,143.225,142.026,133.353,0.434025673,0.417317259,0.418586913,0.423309948,370.608,377.737,366.194,371.513,139.5346667
3,Wet,49,peak,South,S07,353.822,315.286,288.326,165.131,140.18,103.299,0.466706423,0.444612193,0.35827154,0.423196719,392.895,352.639,325.036,356.8566667,136.2033333
3,Wet,148,pre,North,S15,367.626,335.597,333.926,137.558,149.455,145.106,0.374179193,0.445340691,0.434545378,0.418021754,404.245,373.435,363.83,380.5033333,144.0396667
3,Wet,29,peak,South,S02,261.341,253.184,245.532,109.689,99.742,107.666,0.419716003,0.393950645,0.438500888,0.417389179,312.82,300.966,288.004,300.5966667,105.699
3,Wet,57,peak,South,S07,232.607,260.236,283.228,96.704,100.991,126.511,0.415739853,0.388074671,0.44667547,0.416829998,272.294,298.311,330.265,300.29,108.0686667
3,Wet,38b,pre,South,S07,339.882,325.081,323.576,163.875,157.121,90.82,0.482152629,0.48332877,0.280675946,0.415385782,375.563,347.366,351.344,358.091,137.272
3,Wet,52,peak,South,S07,281.248,275.694,259.222,123.848,113.968,100.915,0.440351576,0.413385855,0.389299519,0.41434565,322.859,317.573,307.389,315.9403333,112.9103333
2,Wet,8,pre,South,S02,206.948,194.299,205.573,100.747,74.732,74.042,0.486822777,0.384623699,0.360173758,0.410540078,242.348,235.039,242.368,239.9183333,83.17366667
3,Wet,1,pre,South,S02,213.455,214.867,232.095,82.455,83.262,105.449,0.386287508,0.387504829,0.454335509,0.409375949,245.68,244.265,259.461,249.802,90.38866667
3,Wet,51,peak,South,S07,277.897,280.902,285.597,118.927,109.932,116.501,0.427953522,0.391353568,0.407920952,0.409076014,324.68,239.417,334.625,299.574,115.12
2,Wet,5,pre,South,S02,294.931,292.681,292.963,110.584,133.018,113.523,0.374948717,0.454481159,0.387499445,0.405643107,337.206,335.973,340.691,337.9566667,119.0416667
2,Wet,343,pre,North,S36,199.085,226.483,227.623,87.215,85.43,88.007,0.438079212,0.377202704,0.386634918,0.400638945,235.593,256.761,260.977,251.1103333,86.884
2,Wet,38B,pre,South,S07,272.092,252.43,277.592,115.171,95.173,111.321,0.423279626,0.377027295,0.401023805,0.400443575,309.148,296.052,315.556,306.9186667,107.2216667
2,Wet,172,peak,North,S15,307.302,315.19,343.998,153.118,124.707,104.215,0.49826555,0.395656588,0.302952343,0.39895816,365.385,358.05,381.062,368.1656667,127.3466667
3,Wet,40,pre,South,S07,291.224,281.97,248.642,128.816,94.317,103.874,0.442326182,0.334493031,0.417765301,0.398194838,334.719,328.593,303.124,322.1453333,109.0023333
2,Wet,375,peak,North,S36,185.808,196.582,195.472,66.375,75.743,88.007,0.357223586,0.385299773,0.450228166,0.397583841,235.353,246.907,237.251,239.837,76.70833333
1,Wet,373,peak,North,S36,215.613,222.668,216.997,76.909,88.456,94.974,0.356699271,0.397255106,0.437674254,0.397209544,247.72,257.938,253.451,253.0363333,86.77966667
1,Wet,342,pre,North,S36,142.434,146.621,147.161,57.283,61.789,52.759,0.402172234,0.421419851,0.358512106,0.39403473,,,,#DIV/0!,57.277
2,Wet,35,peak,South,S02,171.583,171.143,176.956,71.981,69.984,62.444,0.419511257,0.408921195,0.352878682,0.393770378,196.632,211.203,213.447,207.094,68.13633333
1,Wet,31,peak,South,S02,194.418,180.953,203.742,83.637,66.043,77.694,0.430191649,0.364973225,0.381335218,0.392166697,233.502,238.888,230.168,234.186,75.79133333
2,Wet,1,pre,South,S02,203.28,202.249,217.877,88.31,77.724,77.187,0.434425423,0.384298563,0.354268693,0.39099756,242.18,240.397,251.433,244.67,81.07366667
2,Wet,154,pre,North,S15,194.724,220.215,215.995,70.975,93.265,82.101,0.364490253,0.423517926,0.380106021,0.3893714,228.151,239.809,252.568,240.176,82.11366667
1,Wet,1,pre,South,S02,131.843,132.967,133.737,49.402,56.233,48.964,0.374703246,0.422909444,0.366121567,0.387911419,154.179,160.981,156.455,157.205,51.533
2,Wet,57,peak,South,S07,270.993,270.35,268.795,115.882,94.262,103.834,0.427619902,0.348666543,0.386294388,0.387526944,311.193,310.713,304.589,308.8316667,104.6593333
1,Wet,375,peak,North,S36,121.124,124.461,140.05,47.091,54.074,47.201,0.388783396,0.434465415,0.337029632,0.386759481,174.001,152.499,167.647,164.7156667,49.45533333
3,Wet,35,peak,South,S02,214.142,231.456,206.916,95.356,88.199,68.926,0.44529331,0.381061627,0.333111021,0.386488653,277.053,275.028,251.451,267.844,84.16033333
1,Wet,169,peak,North,S15,175.5,190.949,174.534,63.058,72.311,73.353,0.359304843,0.37869274,0.420279143,0.386092242,210.111,207.553,205.676,207.78,69.574
1,Wet,41,pre,South,S07,170.388,160.727,170.334,77.113,55.983,59.308,0.452572951,0.348311111,0.348186504,0.383023522,198.754,187.582,199.626,195.3206667,64.13466667
1,Wet,167,peak,North,S15,191.922,169.616,180.619,75.522,65.382,65.555,0.393503611,0.38547071,0.362946312,0.380640211,,,,#DIV/0!,68.81966667
2,Wet,368,peak,North,S36,190.422,188.524,184.262,66.399,74.76,72.557,0.348693953,0.396554285,0.393770826,0.379673022,219.041,222.493,215.905,219.1463333,71.23866667
2,Wet,4,pre,South,S02,227.273,238.23,271.538,92.829,83.681,102.64,0.40844711,0.351261386,0.377994977,0.379234491,259.81,238.23,305.518,267.8526667,93.05
1,Wet,349,pre,North,S36,162.722,171.337,152.89,64.358,67.737,52.361,0.395508905,0.395343679,0.342474982,0.377775855,189.522,190.4,191.92,190.614,61.48533333
2,Wet,51,peak,South,S07,266.477,252.607,258.66,86.244,103.874,102.885,0.323645193,0.411207924,0.39776154,0.377538219,294.338,291.674,294.542,293.518,97.66766667
1,Wet,7,pre,South,S02,143.352,147.016,151.31,54.619,58.621,52.758,0.38101317,0.398738913,0.348674906,0.37614233,,,,#DIV/0!,55.33266667
2,Wet,376,peak,North,S36,247.316,245.429,229.949,89.603,93.412,86.053,0.362301671,0.380607019,0.374226459,0.372378383,281.97,280.399,276.608,279.659,89.68933333
1,Wet,371,peak,North,S36,108.17,116.882,117.444,38.383,47.781,41.476,0.354839604,0.408796906,0.353155546,0.372264019,146.955,132.837,130.244,136.6786667,42.54666667
2,Wet,152,pre,North,S15,229.278,239.404,245.404,84.511,91.576,89.195,0.368596202,0.382516583,0.363461883,0.371524889,261.488,271.811,274.754,269.351,88.42733333
2,Wet,166,peak,North,S15,239.552,255.168,246.817,87.433,94.697,93.342,0.364985473,0.371116284,0.378183026,0.371428261,285.875,288.273,287.046,287.0646667,91.824
2,Wet,54,peak,South,S07,205.371,208.254,226.669,75.553,79.372,81.391,0.367885437,0.381130735,0.359074245,0.369363472,251.077,250.799,266.931,256.269,78.772
1,Wet,52,peak,South,S07,218.769,205.459,200.993,82.721,77.914,69.942,0.3781203,0.379219212,0.347982268,0.368440593,,,,#DIV/0!,76.859
2,Wet,49,peak,South,S07,252.885,246.967,225.319,98.566,92.235,76.98,0.389766099,0.37347095,0.341648951,0.368295333,287.341,287.527,249.415,274.761,89.26033333
2,Wet,52,peak,South,S07,259.827,273.074,273.99,85.286,114.76,96.744,0.328241484,0.420252386,0.353093179,0.367195683,301.906,314.679,324.079,313.5546667,98.93
2,Wet,149,pre,North,S15,258.867,235.844,242.854,96.417,93.441,80.477,0.372457671,0.396198334,0.331380171,0.366678726,293.774,285.203,284.393,287.79,90.11166667
2,Wet,349,pre,North,S36,181.541,197.749,205.146,61.257,70.866,82.699,0.337427909,0.35836338,0.403122654,0.366304648,217.877,237.192,238.779,231.2826667,71.60733333
2,Wet,373,peak,North,S36,250.176,244.492,269.574,98.081,98.894,81.498,0.392047998,0.404487672,0.30232144,0.366285704,290.716,289.649,318.601,299.6553333,92.82433333
1,Wet,372,peak,North,S36,142.884,141.678,138.689,46.465,54.83,53.574,0.325193864,0.387004334,0.386288747,0.366162315,168.832,162.636,168.987,166.8183333,51.623
1,Wet,39A,pre,South,S07,141.488,163.698,163.942,54.714,55.25,60.906,0.386704173,0.337511759,0.371509436,0.36524179,166.596,196.062,186.498,183.052,56.95666667
2,Wet,3,pre,South,S02,232.413,226.034,251.633,87.497,87.521,82.12,0.376472056,0.38720281,0.326348293,0.363341053,287.813,270.471,299.172,285.8186667,85.71266667
2,Wet,164,peak,North,S15,215.781,220.737,223.01,75.246,77.981,86.119,0.348714669,0.353275618,0.38616654,0.362718942,260.457,259.859,261.08,260.4653333,79.782
2,Wet,348,pre,North,S36,187.675,183.625,203.373,67.015,65.063,76.202,0.357080059,0.354325391,0.374690839,0.362032096,222.147,216.116,241.108,226.457,69.42666667
2,Wet,342,pre,North,S36,205.93,190.09,223.084,71.293,75.335,76.304,0.346200165,0.396312273,0.342041563,0.361518,232.755,219.977,252.251,234.9943333,74.31066667
2,Wet,32,peak,South,S02,261.504,266.554,252.129,78.041,112.518,91.019,0.298431382,0.422120846,0.361001709,0.360517979,294.976,310.162,281.797,295.645,93.85933333
2,Wet,155,pre,North,S15,160.251,176.363,162.213,61.957,62.911,54.767,0.386624732,0.356713143,0.337623988,0.360320621,181.251,201.852,194.618,192.5736667,59.87833333
1,Wet,345,pre,North,S36,174.32,155.784,168.037,61.875,51.475,65.534,0.354950665,0.330425461,0.389997441,0.358457856,182.565,190.923,208.968,194.152,59.628
2,Wet,169,peak,North,S15,249.227,247.866,261.04,84.341,93.271,91.666,0.338410365,0.376296063,0.351156911,0.35528778,287.913,295.254,305.431,296.1993333,89.75933333
2,Wet,38A,pre,South,S07,225.037,214.449,210.316,70.167,86.482,73.156,0.311802059,0.403275371,0.347838491,0.354305307,258.337,247.434,245.136,250.3023333,76.60166667
1,Wet,34,peak,South,S02,195.947,203.631,,75,66.34,,0.382756562,0.325785367,,0.354270964,231.42,229.414,,230.417,70.67
2,Wet,153,pre,North,S15,257.68,237.329,229.209,97.908,75.858,81.743,0.37995964,0.31963224,0.356630848,0.352074243,290.306,272.987,260.639,274.644,85.16966667
3,Wet,6,pre,South,S02,198.027,210.228,208.799,74.925,72.818,69.164,0.378357497,0.346376315,0.331246797,0.351993536,235.966,246.307,246.467,242.9133333,72.30233333
2,Wet,39A,pre,South,S07,268.589,259.556,251.425,92.23,107.475,73.001,0.343387108,0.414072493,0.290349011,0.349269537,304.928,311.314,300.139,305.4603333,90.902
2,Wet,55,peak,South,S07,235.694,233.882,227.651,76.149,72.273,93.166,0.323084168,0.309014802,0.409249246,0.347116072,268.561,264.907,260.662,264.71,80.52933333
1,Wet,51,peak,South,S07,160.919,166.565,163.81,54.809,53.754,61.275,0.340599929,0.32272086,0.374061413,0.345794067,196.881,198.099,194.362,196.4473333,56.61266667
3,Wet,39B,pre,South,S07,280.48,283.251,277.414,91.699,90.906,102.885,0.326935967,0.320937967,0.370871694,0.339581876,309.628,326.982,328.618,321.7426667,95.16333333
3,Wet,172,peak,North,S15,344.143,335.418,284.263,104.554,131.745,91.475,0.303809754,0.392778563,0.321797068,0.339461795,401.475,369.949,327.578,366.334,109.258
2,Wet,30,peak,South,S02,195.839,177.084,207.45,60.135,64.421,70.949,0.307063455,0.363787807,0.342005302,0.337618855,223.152,202.14,239.07,221.454,65.16833333
3,Wet,39A,pre,South,S07,299.625,285.99,286.824,96.321,89.763,107.666,0.32147184,0.313867618,0.375373051,0.33690417,348.136,332.558,317.23,332.6413333,97.91666667
2,Wet,167,peak,North,S15,240.666,231.723,225.47,79.158,79.508,75.959,0.328912268,0.343116566,0.336891826,0.336306887,271.538,267.31,258.231,265.693,78.20833333
2,Wet,344,pre,North,S36,285.381,282.423,285.246,85.79,105.352,94.61,0.300615668,0.373029109,0.331678621,0.335107799,328.586,321.269,335.475,328.4433333,95.25066667
1,Wet,49,peak,South,S07,212.138,199.341,179.787,66.248,74.942,56.086,0.312287285,0.375948751,0.311958039,0.333398025,218.452,237.965,253.378,236.5983333,65.75866667
1,Wet,8,pre,South,S02,178.813,185.473,180.771,47.37,66.744,66.063,0.264913625,0.359858308,0.365451317,0.330074417,214.241,214.369,216.438,215.016,60.059
2,Wet,148,pre,North,S15,250.652,263.796,246.892,86.387,76.74,85.772,0.344649155,0.29090661,0.347406963,0.327654243,289.013,310.15,287.039,295.4006667,82.96633333
2,Wet,36,peak,South,S02,205.945,196.496,223.141,65.534,68.087,69.549,0.318211173,0.346505781,0.311681851,0.325466269,241.389,235.966,256.379,244.578,67.72333333
2,Wet,346,pre,North,S36,230.511,236.22,237.632,84.511,77.731,63.618,0.366624586,0.329061891,0.267716469,0.321134316,269.362,276.524,279.822,275.236,75.28666667
2,Wet,37,peak,South,S02,247.696,233.806,223.18,94.561,64.1,67.61,0.381762322,0.274158918,0.302939331,0.31962019,280.992,282.205,254.246,272.481,75.42366667
1,Wet,28,peak,South,S02,166.691,174.613,198.98,61.888,57.449,50.595,0.371273794,0.329007577,0.254271786,0.318184386,,,,#DIV/0!,56.644
2,Wet,374,peak,North,S36,261.557,271.304,250.568,86.298,81.536,78.382,0.329939554,0.300533719,0.312817279,0.314430184,299.625,304.569,282.312,295.502,82.072
1,Wet,57,peak,South,S07,151.803,152.452,162.877,49.147,43.879,53.531,0.32375513,0.287821741,0.328659049,0.313411973,190.763,181.864,179.086,183.9043333,48.85233333
3,Wet,166,peak,North,S15,282.685,308.55,307.046,112.358,74.049,81.8,0.397467145,0.239990277,0.266409593,0.301289005,337.238,366.13,383.789,362.3856667,89.40233333
3,Wet,4,pre,South,S02,248.435,236.268,,68.59,74.34,,0.276088313,0.314642694,,0.295365503,274.257,282.576,267.784,274.8723333,71.465